slug,earning_after_first_date,expense_after_first_date,earning_after_first_expense,expense_after_first_expense
checkstyle/checkstyle,20.0,0.0,,
clojure-emacs/cider,1780.0,0.0,11186.0,-4950.0
uraimo/awesome-software-patreons,2555.0,0.0,,
NaturalIntelligence/imglab,,,,
joshtronic/donate,,,,
onivim/oni,,,,
tareefdev/lets-support-emacs,1780.0,0.0,11186.0,-4950.0
kriasoft/react-starter-kit,66.0,0.0,,
tim-soft/react-starter-kit-antd,66.0,0.0,,
tomwayson/esri-loader-react-starter-kit,66.0,0.0,,
xugy0926/shuoriyu,66.0,0.0,,
clarketm/connect-react-starter-kit,66.0,0.0,,
SyedAman/kriegstudios.com,66.0,0.0,,
josephfrazier/Reported-Web,66.0,0.0,,
atomspace/atomspace-calentask,66.0,0.0,,
shakacode/react-starter-kit-with-bootstrap-loader,66.0,0.0,,
ibudisteanu/SkyHub-Frontend-React-Isomorphic,66.0,0.0,,
dreambo8563/RSK-Mobx-SSR,66.0,0.0,,
rubocop-hq/rubocop,321.0,0.0,4853.0,-9500.0
WebReflection/donate,965.0,0.0,,
bevry/feedr,50.0,0.0,0.0,-86.0
bevry/kava,50.0,0.0,0.0,-86.0
balupton/website,50.0,0.0,0.0,-86.0
docpad/docpad-plugin-feedr,50.0,0.0,0.0,-86.0
docpad/website,50.0,0.0,0.0,-86.0
docpad/docpad-plugin-consolidate,50.0,0.0,0.0,-86.0
bevry/website,50.0,0.0,0.0,-86.0
bevry/hooks,50.0,0.0,0.0,-86.0
bevry/jordanbpeterson.community,50.0,0.0,0.0,-86.0
bevry/eslint-config-bevry,50.0,0.0,0.0,-86.0
bevry/daet,50.0,0.0,0.0,-86.0
docpad/docpad-plugin-assets,50.0,0.0,0.0,-86.0
bevry/billing,50.0,0.0,0.0,-86.0
bevry/valid-directory,50.0,0.0,0.0,-86.0
bevry/meet,50.0,0.0,0.0,-86.0
bevry/memo,50.0,0.0,0.0,-86.0
bevry/githubauthquerystring,50.0,0.0,0.0,-86.0
bevry/start-of-week,50.0,0.0,0.0,-86.0
bevry/pluginloader,50.0,0.0,0.0,-86.0
bevry/native-promise-pool,50.0,0.0,0.0,-86.0
kervin521/checkstyle,20.0,0.0,,
adnanh/webhook,75.0,-5.0,5.0,-54.0
JacobEvelyn/friends,,,,
docpad/docpad,50.0,0.0,0.0,-86.0
bevry/cson,50.0,0.0,0.0,-86.0
bevry/watchr,50.0,0.0,0.0,-86.0
bevry/caterpillar,50.0,0.0,0.0,-86.0
bevry/projectz,50.0,0.0,0.0,-86.0
bevry/getmac,50.0,0.0,0.0,-86.0
bevry/badges,50.0,0.0,0.0,-86.0
bevry/istextorbinary,50.0,0.0,0.0,-86.0
bevry/taskgroup,50.0,0.0,0.0,-86.0
bevry/joe,50.0,0.0,0.0,-86.0
bevry/domain-browser,50.0,0.0,0.0,-86.0
bevry/typechecker,50.0,0.0,0.0,-86.0
bevry/safeps,50.0,0.0,0.0,-86.0
bevry/ambi,50.0,0.0,0.0,-86.0
docpad/docpad-plugin-livereload,50.0,0.0,0.0,-86.0
bevry/event-emitter-grouped,50.0,0.0,0.0,-86.0
bevry/extendr,50.0,0.0,0.0,-86.0
bevry/pluginclerk,50.0,0.0,0.0,-86.0
bevry/textextensions,50.0,0.0,0.0,-86.0
bevry/cachely,50.0,0.0,0.0,-86.0
dragoscirjan/aurelia-content-loader,,,,
dragoscirjan/aurelia-google-recaptcha,,,,
code-helix/slatekit,,,,
code-helix/slatekit-common,,,,
mlabouardy/komiser,6.0,0.0,,
pomber/git-history,,,,
BlueLightOS/bluelight,,,,
DIYgod/RSSHub,,,,
MoePlayer/DPlayer,22.0,0.0,,
DIYgod/DPlayer,22.0,0.0,,
cdnbye/P2P-DPlayer,22.0,0.0,,
maximenz/Kaku,30.0,0.0,,
FreezingMoon/AncientBeast,,,,
huangyuan9/distributer,71.0,0.0,,
huangyuan9/permission,71.0,0.0,,
ory/hydra,1035.0,0.0,,
ory/oathkeeper,1035.0,0.0,,
ory/keto,1035.0,0.0,,
pizzaql/pizzaql,100.0,-82.4,0.0,-82.4
amilajack/eslint-plugin-compat,,,,
NaturalIntelligence/fast-xml-parser,75.0,-55.0,0.0,-55.0
antonreshetov/mysigmail,,,,
botman/botman,,,,
devhubapp/devhub,30.0,-21.0,0.0,-7.0
ng-alain/ng-alain,,,,
ng-alain/delon,,,,
d2phap/ImageGlass,,,,
danichim/web-technologies,,,,
pixelfed/pixelfed,,,,
xiaodaigh/disk.frame,,,,
codex-team/editor.js,2835.0,0.0,,
nayafia/lemonade-stand,,,,
mrjoelkemp/awesome-paid-open-source,0.0,-112161.76000000001,0.0,-11751.39
source-foundry/inc,65616.20999999999,-50218.5,10888.0,-565.0
jamesgeorge007/Skills-Hub,23294.100000000002,-1279.94,10033.0,-5534.33
ossfriendly/open-source-supporters,,,,
micromata/awesome-open-source-supporting,,,,
haasn/libplacebo,,,,
sara0871/babel,,,,
ifmeorg/ifme,130.0,0.0,80.0,-16.04
InfiniBrains/mobagen,,,,
ivanceras/diwata,,,,
impulsesjs/impulses,,,,
j-show/jshow,,,,
jjzhang166/LCUI,11.0,-5.0,2.0,-5.0
orgmanager/orgmanager,100.0,0.0,,
tootsuite/mastodon,73593.0,-8770.7,12.0,-113.0
cambrian-era/mastodon,73593.0,-8770.7,12.0,-113.0
kiritan-pop/mastodon,73593.0,-8770.7,12.0,-113.0
moleculerjs/moleculer,305.0,0.0,,
ice-services/moleculer,305.0,0.0,,
nFnK/tntsearch-fulltext,210.0,0.0,,
nFnK/tntsearch,210.0,0.0,,
mui-org/material-ui-docs,6310.0,-4352.0,32528.800000000003,-14000.0
pedronauck/docz,85.0,0.0,,
vulhub/vulhub,,,,
php-telegram-bot/core,,,,
joehand/open-source-finances,,,,
marktext/marktext,1482.0,0.0,707.0,-116.0
TutupSalep/React-Native-Starter,1039.0,0.0,58.0,-150.0
realrashid/sweet-alert,,,,
Requarks/wiki-v1,477.0,-149.0,228.5,-25.56
RicoSuter/NSwag,40.0,0.0,,
hafizadil123/orderpay,,,,
sentialx/multrin,,,,
serhii-londar/open-source-mac-os-apps,,,,
jfoenixadmin/JFoenix,,,,
neutralinojs/neutralinojs,43.0,0.0,,
colgreen/sharpneat,100.0,0.0,,
syuilo/misskey,,,,
vueComponent/ant-design-vue,1043.0,-35.0,101.0,-5.0
techqueria/website,,,,
tryhtml/themes.tryhtml,,,,
intelligo-systems/intelligo,5.0,-4.0,0.0,-4.0
intelligo-systems/memorize-bot,5.0,-4.0,0.0,-4.0
vuejs/vuepress,,,,
codesandbox/codesandbox-client,6840.0,0.0,,
andersevenrud/osjs-debian,,,,
os-js/osjs-wireless-tools-provider,,,,
os-js/osjs-installers,,,,
os-js/osjs-example-vue-application,,,,
os-js/osjs-event-emitter,,,,
os-js/osjs-proc-provider,,,,
os-js/osjs-example-react-application,,,,
os-js/osjs-windows8-theme,,,,
w3develops/w3develops,,,,
zacanger/styled-reset,,,,
zloirock/core-js,8345.0,0.0,,
TonnyL/Awesome_APIs,,,,
pogovictoriabot/miscordvictoriatx,,,,
MSPaintIDE/MSPaintIDE,,,,
andersevenrud/osjs-ldap-auth,,,,
eddiejibson/limitrr,,,,
ddanninger/mautic-plugin-grapesbuilder,1509.0,-398.08,359.0,-300.0
mousumi-dualcube/gitSharedreact,1038.0,0.0,57.0,-1300.0
jeantimex/ios-swift-collapsible-table-section,,,,
nestjs/nest-cli,7733.91,-6534.01,4904.5,-5600.0
nestjs/typescript-starter,7733.91,-6534.01,4904.5,-5600.0
nestjs/graphql,7733.91,-6534.01,4904.5,-5600.0
nestjs/swagger,7733.91,-6534.01,4904.5,-5600.0
nestjs/typeorm,7733.91,-6534.01,4904.5,-5600.0
nestjs/cqrs,7733.91,-6534.01,4904.5,-5600.0
nestjs/docs.nestjs.com,7733.91,-6534.01,4904.5,-5600.0
nestjs/ng-universal,7733.91,-6534.01,4904.5,-5600.0
kelvin-mai/nest-ideas-api,7733.91,-6534.01,4904.5,-5600.0
nestjs/terminus,7733.91,-6534.01,4904.5,-5600.0
nestjs/schematics,7733.91,-6534.01,4904.5,-5600.0
nestjs/passport,7733.91,-6534.01,4904.5,-5600.0
nestjs/jwt,7733.91,-6534.01,4904.5,-5600.0
WonderPanda/nestjs-microservice-architecture,7733.91,-6534.01,4904.5,-5600.0
nestjs/elasticsearch,7733.91,-6534.01,4904.5,-5600.0
kelvin-mai/nest-commerce,7733.91,-6534.01,4904.5,-5600.0
nestjs/javascript-starter,7733.91,-6534.01,4904.5,-5600.0
nestjs/nestjs.com,7733.91,-6534.01,4904.5,-5600.0
benawad/nest-mongo-graphql,7733.91,-6534.01,4904.5,-5600.0
mdoury/nestjs-auth-starter-kit,7733.91,-6534.01,4904.5,-5600.0
ifaim/nestjs-express-cassandra,7733.91,-6534.01,4904.5,-5600.0
balta-io/1980,7733.91,-6534.01,4904.5,-5600.0
yemiwebby/bookstore-nest,7733.91,-6534.01,4904.5,-5600.0
TimurRK/nestjs-example,7733.91,-6534.01,4904.5,-5600.0
Samox/dojo-event-sourcing-cqrs,7733.91,-6534.01,4904.5,-5600.0
zmj0920/material-warehouse,7733.91,-6534.01,4904.5,-5600.0
rcanessa89/nest-js-starter,,,,
cdiaz/nest-job-queue,7733.91,-6534.01,4904.5,-5600.0
jajaperson/nestjs-auth0,7733.91,-6534.01,4904.5,-5600.0
Blacate/dwz,7733.91,-6534.01,4904.5,-5600.0
joshuamorony/nestjs-mongodb-jwt-auth,7733.91,-6534.01,4904.5,-5600.0
chriszrc/nestjs-typescript-starter-postgres,7733.91,-6534.01,4904.5,-5600.0
InsaneWookie/mame-highscores,,,,
juangonzaq/nestjs-ddd,7733.91,-6534.01,4904.5,-5600.0
techiediaries/nestjs-upload-serve-file,7733.91,-6534.01,4904.5,-5600.0
impactbyte-tech/learn-nestjs,7733.91,-6534.01,4904.5,-5600.0
kostis-codefresh/nestjs-example,7733.91,-6534.01,4904.5,-5600.0
mhkz/marry-service,7733.91,-6534.01,4904.5,-5600.0
aperdizs/rdr2-animals,7733.91,-6534.01,4904.5,-5600.0
carlosponton/ragnarok-m-afterdawn-backend,7733.91,-6534.01,4904.5,-5600.0
kelvinbe/pet-api,7733.91,-6534.01,4904.5,-5600.0
EdselNicolas/crud-jwt-nestjs-mongoose,7733.91,-6534.01,4904.5,-5600.0
xoxefdp/nestjs-webpack,7733.91,-6534.01,4904.5,-5600.0
ifaim/nestjs-nodemailer,7733.91,-6534.01,4904.5,-5600.0
ahmadarif/medium-nest-app,7733.91,-6534.01,4904.5,-5600.0
philippschladitz/image-hub-backend,7733.91,-6534.01,4904.5,-5600.0
beaussart/nest-onion-boilerplate,7733.91,-6534.01,4904.5,-5600.0
zhangtanlin/monitor-nest,7733.91,-6534.01,4904.5,-5600.0
Felipe-BP/api-heroes-nest-mongo,7733.91,-6534.01,4904.5,-5600.0
brianjohnsonsr/nest.ws.tutorial,7733.91,-6534.01,4904.5,-5600.0
cdiaz/nest-neo4j,7733.91,-6534.01,4904.5,-5600.0
Bernardstanislas/dojo-cqrs-nest,7733.91,-6534.01,4904.5,-5600.0
695954085/order-system,7733.91,-6534.01,4904.5,-5600.0
baoleilei/nest-blog,7733.91,-6534.01,4904.5,-5600.0
ChangJoo-Park/nest-docs-ko,7733.91,-6534.01,4904.5,-5600.0
danielmlc/blogServer,7733.91,-6534.01,4904.5,-5600.0
spencercope/g7-web-services,7733.91,-6534.01,4904.5,-5600.0
torgge/nestjsframework,,,,
Winplaybox/websitebuilder,1509.0,-398.08,359.0,-300.0
tonymanpro/NestJs,7733.91,-6534.01,4904.5,-5600.0
caiyue1993/IceCream,38.0,0.0,0.0,-21.0
ahkeravi2778/webisforyou,295.0,0.0,,
ahkeravi2778/ahkeravi2778.github.io,295.0,0.0,,
developers-youcong/Settings-Sync-Plus,374.0,-307.0,64.0,-307.0
KronicDeth/intellij-elixir,5.0,0.0,,
ChrisRM/material-theme-jetbrains,645.0,-300.0,760.0,-300.0
bitbeans/SimpleDnsCrypt,,,,
thepirat000/Audit.NET,59.0,-52.0,0.0,-7.0
niosus/EasyClangComplete,114.0,-70.0,26.0,-70.0
marcoschwartz/aREST,,,,
firefly-iii/firefly-iii,40.0,-32.52,0.0,-32.52
BeardedManStudios/ForgeNetworkingRemastered,,,,
HenryQW/Awesome-TTRSS,,,,
patrikx3/redis-ui,,,,
cmosguy/react-redux-auth0,66.0,0.0,,
mtxr/CudaText-SQLTools,,,,
mnater/Hyphenopoly,,,,
tom-englert/ResXResourceManager,106.0,0.0,,
OctoLinker/OctoLinker,,,,
huangyongguo/bootstrap-table,56.0,0.0,,
aboodman/dot-donate,,,,
MoePlayer/APlayer,20.0,-9.94,14.0,-9.94
pichillilorenzo/JavaScriptEnhancements,20.0,0.0,,
Ulakbim-DergiPark/ojs,,,,
vbauer/android-arsenal.com,,,,
wslutilities/wslu,,,,
JamieMason/astexplorer.app,,,,
JamieMason/image-optimisation-tools-comparison,,,,
JamieMason/add-matchers,,,,
JamieMason/is-office-hours,,,,
marcelklehr/floccus,,,,
CaptainKO/angularPWA,204.0,-62.0,75.0,-62.0
androidstarters/android-starter,,,,
timgrossmann/InstaPy,1065.62,-319.32,325.0,-200.0
Instagram-Tools/bot,1065.62,-319.32,325.0,-200.0
TGmeetup/TGmeetup,,,,
vicky002/AlgoWiki,,,,
z-song/laravel-admin,150.0,0.0,,
simonmichael/hledger,100.0,0.0,,
duplicati/duplicati,2555.0,0.0,,
cohradoesr/noob,,,,
wizicer/FinancialSupportForOpenSource,6161.0,-1476.96,8317.0,-2.0
dakk/lavorare-opensource,6161.0,-1476.96,8317.0,-2.0
kivy/kivy,4034.0,-10.0,3010.0,-10.0
Vue-cd/vue,23294.100000000002,-1279.94,10033.0,-5534.33
rocksolid-china/vuetify,349.0,0.0,,
JodaOrg/joda-beans,,,,
pugjs/then-pug,765.0,-516.1,1035.0,-200.0
phengemuhle/UdemyReactNative,729.0,0.0,149.0,-500.0
briannesbitt/Carbon,130.0,-90.0,25.0,-90.0
pug-php/pug,90.0,-86.0,0.0,-86.0
phug-php/bemto,90.0,-86.0,0.0,-86.0
chibisov/drf-extensions,5.0,0.0,,
activeadmin/activeadmin,105.0,0.0,,
unarxiv/CVFlow,,,,
libremesh/chef,,,,
wp-graphql/wp-graphql-woocommerce,,,,
open-services/open-registry,,,,
opencollective/sustainer-resources,,,,
acidjazz/laranuxt,,,,
rabbotio/ears,,,,
11ty/eleventy,926.0,-186.0,448.0,-186.0
AAChartModel/loadHtmlCssJsDemo-master,,,,
DIYgod/APlayer,20.0,-9.94,14.0,-9.94
zeapo/Android-Password-Store,104.0,0.0,,
MoienTajik/AspNetCore-Developer-Roadmap,5.0,0.0,,
AudioKit/AudioKit,955.0,-591.13,865.0,-259.13
AudioKit/AudioKitSynthOne,955.0,-591.13,865.0,-259.13
AvaloniaUI/Avalonia,305.0,0.0,,
zhongzf/Xamarin.Forms.Platform.AvaloniaUI,305.0,0.0,,
burning-git/BRMultilevelMeun,,,,
yenom/BitcoinKit,,,,
oguzhaninan/Buka,,,,
ali322/CNodeRN,,,,
colorswall/CSS-file-icons,,,,
wonderkun/CTF_web,,,,
darkprize/camerakit,100.0,0.0,,
Catel/Catel,711.0,0.0,,
Mo7ammedFtta7/smrc,,,,
LavaLite/cms,,,,
ApolloZhu/Developing-iOS-10-Apps-with-Swift,200.0,0.0,,
GhostWriters/DockSTARTer,191.0,-135.0,16.0,-35.0
facebook/docusaurus,11150.0,-2250.0,6175.0,-1500.0
facebook/Docusaurus,11150.0,-2250.0,6175.0,-1500.0
UXSoc/playbook,11150.0,-2250.0,6175.0,-1500.0
komeiji-satori/Dress,,,,
EFPrefix/EFQRCode,15.0,0.0,,
renyuneyun/Easer,,,,
EasyHexo/Easy-Hexo,,,,
kelthuzadx/EffectiveModernCppChinese,,,,
laravel-enso/enso,735.0,0.0,,
WangYihang/Exploit-Framework,,,,
sarriaroman/FabricPlugin,,,,
HamzaGhazouani/HGCircularSlider,,,,
zyphs21/HSStockChart,,,,
Yurunsoft/IMI,,,,
patchthecode/JTAppleCalendar,135.0,0.0,,
vdm-io/Joomla-Component-Builder,400.0,0.0,,
ujjwalguptaofficial/JsStore,,,,
onevcat/Kingfisher,87.33,-24.0,60.0,-16.39
noppefoxwolf/Kitsunebi,,,,
GeekyAnts/NativeBase,,,,
Binaryify/NeteaseCloudMusicApi,,,,
Binaryify/OneDark-Pro,,,,
OnionBrowser/OnionBrowser,60.0,-50.790000000000006,0.0,-12.48
OpenSID/OpenSID,,,,
nakajijapan/PhotoSlider,20.0,0.0,,
WangYihang/Platypus,,,,
QUANTAXIS/QUANTAXIS,,,,
louislivi/SMProxy,,,,
yyued/SVGAPlayer-Android,,,,
SpinaCMS/Spina,82.0,0.0,,
houko/SpringBootUnity,,,,
t4t5/sweetalert,207.0,0.0,,
Miloudi-Imad/moyen,,,,
SkrewEverything/Swift-Keylogger,,,,
TGmeetup/TWcommunities,,,,
Sunnyyoung/WeChatTweak-macOS,3.0,0.0,,
WangYihang/Webshell-Sniper,,,,
WPBP/WordPress-Plugin-Boilerplate-Powered,,,,
XOOPS/XoopsCore,250.0,0.0,,
XOOPS/XoopsCore25,250.0,0.0,,
l-hammer/You-need-to-know-css,,,,
accounts-js/accounts,55.0,0.0,,
BUPT/ai-ml.club,37.0,-1.6099999999999999,37.0,-1.6099999999999999
akaunting/akaunting,135.0,0.0,,
AlchemyCMS/alchemy_cms,,,,
0hwan/AlgorithmVisualizer,,,,
allure-framework/allure2,392.65999999999997,0.0,212.0,-250.0
imolorhe/altair,195.0,0.0,227.0,-112.59
AmazMod/AmazMod,265.0,0.0,,
521dimensions/amplitudejs,5.0,0.0,,
maskarade/Android-Orma,,,,
zjh1218/Androidsc,,,,
ar95314/security-master,,,,
ravidsrk/android-testing-guide,,,,
anforaProject/anfora,30.0,0.0,,
vlio20/angular-datepicker,,,,
aladdin83/no-angular-fullstack,689.65,-79.0,684.24,-79.0
mrin9/Angular-SpringBoot-REST-JWT,,,,
mrin9/Modular-Java-Jersey-Vue,,,,
rampatra/animatescroll.js,,,,
anonydog/anonydog,,,,
sendya/ant-design-pro-vue,1.0,0.0,,
vueComponent/ant-design,1043.0,-35.0,101.0,-5.0
anticensority/runet-censorship-bypass,25.0,0.0,,
apex/apex,1556.0,-1100.0,142.0,-937.2
apex/up,3447.0,-2905.0,237.0,-883.55
ctripcorp/apollo,,,,
sysgears/apollo-universal-starter-kit,395.0,0.0,,
anifullstack/apollo-lab5,395.0,0.0,,
ColinEberhardt/applause-button,74.0,-54.89,0.0,-54.89
dpnishant/appmon,,,,
sandeepmistry/arduino-nRF5,20.0,0.0,,
alibaba/arthas,,,,
AssemblyScript/assemblyscript,26816.66,-9000.0,13466.66,-9000.0
asyncapi/asyncapi,44682.0,-30698.64,5.0,-3509.19
goreleaser/goreleaser,59.0,-52.0,0.0,-7.0
droidefense/engine,59.0,-52.0,0.0,-7.0
xuri/aurora,,,,
aldeed/meteor-autoform,,,,
keras-team/autokeras,295.0,0.0,,
cryos/avogadro,50.0,0.0,80.0,-384.48
skywind3000/awesome-cheatsheets,,,,
Awesome-Interview/Awesome-Interview,,,,
jaywcjlove/awesome-mac,,,,
SuJunming/mac-awesomeTools,,,,
ashkanRmk/awesome-persian-podcasts,,,,
Awesome-Windows/Awesome,,,,
SaiGonSoftware/Awesome-CMS-Core,,,,
ax5ui/ax5ui-kernel,850.24,-278.89,5.0,-287.0
william-morgan/babble,450.0,0.0,25.0,-599.0
william-morgan/trackchat,450.0,0.0,25.0,-599.0
6to5/6to5,,,,
npmdoc/node-npmdoc-babel,29258.0,-12564.04,11215.0,-68917.17
kriasoft/babel-starter-kit,1000.0,-694.4,850.0,-434.0
badgen/badgen.net,50.0,-40.36,0.0,-20.37
bagisto/bagisto,15.0,0.0,,
bbhj/intro,,,,
beakerbrowser/beaker,16191.04,-13435.84,646.0,-400.0
beakerbrowser/homebase,16191.04,-13435.84,646.0,-400.0
HughIsaacs2/DatPart,16191.04,-13435.84,646.0,-400.0
d-band/better-xlsx,,,,
bevry/editions,50.0,0.0,0.0,-86.0
docpad/docpad-plugin-ghpages,50.0,0.0,0.0,-86.0
docpad/docpad-plugin-partials,50.0,0.0,0.0,-86.0
docpad/docpad-plugin-paged,50.0,0.0,0.0,-86.0
docpad/docpad-plugin-cleanurls,50.0,0.0,0.0,-86.0
bevry/envfile,50.0,0.0,0.0,-86.0
docpad/docpad-plugin-highlightjs,50.0,0.0,0.0,-86.0
docpad/docpad-plugin-services,50.0,0.0,0.0,-86.0
docpad/docpad-plugin-stylus,50.0,0.0,0.0,-86.0
docpad/docpad-plugin-sass,50.0,0.0,0.0,-86.0
bevry/progressbar,50.0,0.0,0.0,-86.0
docpad/docpad-plugin-marked,50.0,0.0,0.0,-86.0
docpad/docpad-plugin-eco,50.0,0.0,0.0,-86.0
docpad/docpad-plugin-sitemap,50.0,0.0,0.0,-86.0
docpad/docpad-plugin-multiplelayouts,50.0,0.0,0.0,-86.0
docpad/docpad-plugin-related,50.0,0.0,0.0,-86.0
docpad/docpad-plugin-tags,50.0,0.0,0.0,-86.0
docpad/docpad-plugin-associatedfiles,50.0,0.0,0.0,-86.0
docpad/docpad-plugin-text,50.0,0.0,0.0,-86.0
docpad/docpad-plugin-handlebars,50.0,0.0,0.0,-86.0
docpad/docpad-plugin-yourpluginname,50.0,0.0,0.0,-86.0
docpad/docpad-plugin-umd,50.0,0.0,0.0,-86.0
docpad/docpad-plugin-less,50.0,0.0,0.0,-86.0
docpad/docpad-plugin-repocloner,50.0,0.0,0.0,-86.0
docpad/docpad-plugin-coffeekup,50.0,0.0,0.0,-86.0
docpad/docpad-plugin-browserifydocs,50.0,0.0,0.0,-86.0
docpad/docpad-plugin-coffeescript,50.0,0.0,0.0,-86.0
docpad/docpad-plugin-cachr,50.0,0.0,0.0,-86.0
bevry/readdir-cluster,50.0,0.0,0.0,-86.0
docpad/docpad-plugin-uglify,50.0,0.0,0.0,-86.0
docpad/docpad-plugin-haml,50.0,0.0,0.0,-86.0
docpad/docpad-plugin-gist,50.0,0.0,0.0,-86.0
bevry/getrepos,50.0,0.0,0.0,-86.0
docpad/docpad-plugin-downloader,50.0,0.0,0.0,-86.0
bevry/binaryextensions,50.0,0.0,0.0,-86.0
bevry/csextends,50.0,0.0,0.0,-86.0
docpad/docpad-plugin-livescript,50.0,0.0,0.0,-86.0
bevry/getcontributors,50.0,0.0,0.0,-86.0
docpad/docpad-plugin-cson,50.0,0.0,0.0,-86.0
docpad/docpad-plugin-styl,50.0,0.0,0.0,-86.0
docpad/docpad-plugin-hogan,50.0,0.0,0.0,-86.0
docpad/docpad-plugin-move,50.0,0.0,0.0,-86.0
docpad/docpad-plugin-raw,50.0,0.0,0.0,-86.0
docpad/docpad-plugin-autoprefix,50.0,0.0,0.0,-86.0
docpad/docpad-plugin-cleancss,50.0,0.0,0.0,-86.0
docpad/docpad-plugin-pug,50.0,0.0,0.0,-86.0
MikeMcl/big.js,5000.0,-4450.0,0.0,-4450.0
bincrafters/community,1637.0,-843.9,2736.0,-418.59
BioJulia/Bio.jl,55.0,0.0,,
BioJulia/BioSequences.jl,55.0,0.0,,
BioJulia/IntervalTrees.jl,55.0,0.0,,
BioJulia/GeneticVariation.jl,55.0,0.0,,
BioJulia/BioAlignments.jl,55.0,0.0,,
BioJulia/BioSymbols.jl,55.0,0.0,,
BioJulia/BioCore.jl,55.0,0.0,,
BioJulia/BioServices.jl,55.0,0.0,,
BioJulia/BioSequenceGraphs.jl,55.0,0.0,,
BioJulia/BioGenerics.jl,55.0,0.0,,
BioJulia/BioTools.jl,55.0,0.0,,
BioJulia/FASTX.jl,55.0,0.0,,
lets-blade/blade,,,,
meteor/blaze,898.0,0.0,,
blocktrack-ml/BlockTrack,,,,
LeachZhou/blog,,,,
mabyabt/bludit,203.0,-134.0,40.0,-10.0
BoostIO/Boostnote,6976.0,-190.0,636.0,-40.0
BoostIO/boostnote-mobile,6976.0,-190.0,636.0,-40.0
PowerMobileWeb/boostnote-mobile,6976.0,-190.0,636.0,-40.0
boot-clj/boot,130.0,0.0,,
NoahsNMC/Chatversity_App,1993.0,-448.42,355.0,-448.42
twbs/bootstrap,,,,
wenzhixin/bootstrap-table,56.0,0.0,,
bootstrap-vue/bootstrap-vue,530.0,0.0,,
BoLin-1025/bootstrap-vue,,,,
botui/botui,,,,
bower/bower,2147.0,-70.0,3533.0,-200.0
bpkg/bpkg,,,,
BrainJS/brain.js,1750.0,-922.0,635.0,-750.0
brainjs/brain.js,1750.0,-922.0,635.0,-750.0
pastelsky/bundlephobia,96.0,0.0,,
siddharthkp/bundlesize,10000.0,0.0,,
buttercup/buttercup-desktop,230.0,-50.0,5.0,-179.0
buttercup/buttercup-mobile,230.0,-50.0,5.0,-179.0
vedetta-com/caesonia,120.0,0.0,,
natario1/CameraView,130.0,0.0,,
Canner/canner,93.0,-52.79,0.0,-41.79
caprover/caprover,180.0,0.0,,
CaptainFact/captain-fact-api,1682.0,-627.61,159.31,-116.07
CaptainFact/captain-fact-frontend,1682.0,-627.61,159.31,-116.07
CaptainFact/captain-fact-extension,1682.0,-627.61,159.31,-116.07
CaptainFact/captain-fact,1682.0,-627.61,159.31,-116.07
CaptainFact/captain-fact-overlay-injector,1682.0,-627.61,159.31,-116.07
CaptainFact/captainfact-discord-bot,1682.0,-627.61,159.31,-116.07
gielcobben/caption,,,,
casbin/casbin,5.0,0.0,,
cboard-org/cboard,590.0,0.0,,
jingweno/ccat,,,,
saytoken/ccet,,,,
ccxt/ccxt,,,,
CJELLYS/ccxt,,,,
siteplace/ccxt,3060.0,-2450.0,0.0,-430.0
KELiON/cerebro,71.0,-30.5,20.0,-5.0
cezerin/cezerin,55.0,0.0,,
Cezerin2/cezerin2,15.0,0.0,,
recp/cglm,,,,
chaijs/chai,117.0,0.0,512.0,-221.79
cheeriojs/cheerio,42.0,0.0,,
hznupeter/mixly_wiki,527.0,0.0,,
chinese-poetry/chinese-poetry,,,,
choojs/choo,1733.0,-200.0,1537.0,-200.0
choojs/bankai,,,,
choojs/create-choo-app,,,,
stackhtml/documentify,,,,
choojs/create-choo-electron,,,,
choojs/choo-scaffold,,,,
AbhishekShaha/web-crawler-python,,,,
Spanarchian/ShowMeOff,,,,
CirclesUBI/docs,3285.0,-2667.9,210.0,-713.96
CirclesUBI/circles-contracts,3285.0,-2667.9,210.0,-713.96
CirclesUBI/circles-mobile,3285.0,-2667.9,210.0,-713.96
CirclesUBI/infrastructure-provisioning,3285.0,-2667.9,210.0,-713.96
CirclesUBI/circles-api,3285.0,-2667.9,210.0,-713.96
CirclesUBI/circles-website,3285.0,-2667.9,210.0,-713.96
CirclesUBI/cafe-grundeinkommen-website,3285.0,-2667.9,210.0,-713.96
thangchung/clean-code-dotnet,5.0,0.0,,
Clipy/Clipy,169.0,0.0,,
leanhtuan1996/cloudboost,,,,
ritishgumber/file-ui,,,,
ritishgumber/analytics-ui,,,,
coderaiser/cloudcmd,10.0,0.0,,
Humanitarian-AI/Pizza-fund,10000.0,-8618.25,0.0,-50.0
agentejo/cockpit,114.0,0.0,,
yochannah/code-is-science,,,,
prateekiiest/Code-Sleep-Python,,,,
ashutoshtiwari13/Simple-Random-Search,,,,
codebuddies/codebuddies,59.0,-12.86,0.0,-342.65
Bogdan-Lyashenko/codecrumbs,40.0,0.0,,
codefii/codefii,,,,
gitcoinco/codefund,0.0,-10085.990000000002,0.0,-1612.47
jianfengye/collection,,,,
gocolly/colly,1774.0,-500.0,782.0,-500.0
colmena/colmena,22.0,0.0,,
ngatl/colmena,22.0,0.0,,
tovic/color-picker,,,,
colorjs/color-space,,,,
kaproslaci/colyseus-without-sync,165.0,-140.0,0.0,-140.0
commanded/commanded,30.0,0.0,,
commitizen/cz-cli,50.0,0.0,,
bitfocus/companion,9724.0,-1960.3000000000002,798.0,-401.69
compodoc/compodoc,380.0,0.0,,
compodoc/website,380.0,0.0,,
aloneguid/config,25.0,0.0,,
react-community/create-react-native-app,,,,
PowerMobileWeb/create-react-native-app,,,,
coinpride/CryptoList,,,,
xwiki-labs/cryptpad,6749.0,0.0,105.0,-25.0
Keyang/node-csvtojson,,,,
ctf-wiki/ctf-wiki,,,,
cucumber/cucumber-ruby,500.0,0.0,136.0,-300.0
cucumber/cucumber-js,500.0,0.0,136.0,-300.0
cucumber/cucumber,500.0,0.0,136.0,-300.0
cucumber/cucumber-jvm,500.0,0.0,136.0,-300.0
ODIQueensland/data-curator,500.0,0.0,136.0,-300.0
cucumber/cucumber-archetype,500.0,0.0,136.0,-300.0
cucumber/cucumber-jvm-jython,500.0,0.0,136.0,-300.0
mitls/mitls-curl,8807.0,0.0,2421.0,-3000.0
cyclejs/cyclejs,14994.0,-4827.5,2291.0,-240.0
cyclejs/cycle-core,14994.0,-4827.5,2291.0,-240.0
cypress-io/cypress,107.0,0.0,,
nlpjoe/daguan-classify-2018,,,,
darkreader/darkreader,7067.97,-1415.0,3964.98,-185.0
mcibique/vue-date-fns,690.0,0.0,1002.0,-2.0
iamkun/dayjs,6.0,0.0,,
r0flc0pt4/dayjs,,,,
danrejsa/restfulApi-nodejs-express-mongodb,40.0,0.0,22.0,-446.54
danrejsa/restful-api-node.js-express-,40.0,0.0,22.0,-446.54
deep-cover/deep-cover,,,,
delaware-games-collective/delaware-games-collective.github.io,45.0,0.0,,
ra-gg/Delir,,,,
DemocracyEarth/sovereign,885.0,0.0,,
depjs/dep,100.0,0.0,,
lynndylanhurley/devise_token_auth,750.0,-150.0,0.0,-150.0
opendevshop/devshop,300.0,-130.0,140.0,-130.0
wein3967/DIM,7065.4,-924.99,793.0,-2000.0
DiscordHooks/travis-ci-discord-webhook,,,,
ravikumarrajasimhan/funretro,76.0,-22.11,18.0,-22.11
ntbrown/djangocos,,,,
zeromake/docker-debug,,,,
docsifyjs/docsify,184.0,0.0,,
txd-team/docsite,,,,
WebReflection/document-register-element,1020.0,0.0,,
jorycn/zdocute,,,,
camleavitt/dokku,913.0,0.0,8667.0,-50.0
Dolibarr/dolibarr,55.0,0.0,,
doocs/intro,,,,
doocs/coding-interview,,,,
doocs/leetcode,,,,
doorkeeper-gem/doorkeeper,202.0,0.0,,
spencerwooo/dowww,,,,
ngs/draft-js-markdown-shortcuts-plugin,,,,
DragonComputer/Dragonfire,,,,
alexruperez/MADBike,,,,
Mun0n/MADBike,,,,
kthull/session-recording,11238.0,-8823.16,300.0,-757.2
TIGERB/easy-php,,,,
TIGERB/easy-tips,,,,
TIGERB/easy-vue,,,,
electron-react-boilerplate/electron-react-boilerplate,,,,
chentsulin/electron-react-boilerplate,,,,
Konjure/konjure-desktop-app,,,,
mengxiangyue/translate-tool,,,,
manojsinghnegiwd/react-electron-seed,,,,
maecky/electron-react-redux-mqtt,,,,
amilajack/erb-ant-design-example,,,,
TOKEDO-project/token-creator,,,,
makebrainwaves/neurolearning,,,,
iyobo/epicworshipneo,,,,
signal-desktop/signal-desktop,,,,
kasprownik/slack-gg,,,,
FYNCH-BIO/evolver-electron,,,,
drewatk/prose-pro,,,,
theghostyced/wordADay,,,,
secret-tech/desktop-moon-wallet,,,,
Kineolyan/githubist,,,,
chiefsmurph/johns-electron-playground,,,,
lbkchen/memstream,,,,
rgbkrk/nodebook,105.0,0.0,0.0,-164.0
mask-dsn/mask-electron,105.0,0.0,0.0,-164.0
ycai2/visual-git-stats,105.0,0.0,0.0,-164.0
ElemeFE/element,215.0,0.0,1536.0,-200.0
newbeescm/beescmFE,215.0,0.0,1536.0,-200.0
aletheon/eleutherios,,,,
jmillermlc/elmsln,163.0,0.0,,
maticzav/emma-cli,,,,
emotion-js/emotion,503.0,0.0,,
tkh44/emotion,503.0,0.0,,
erxes/erxes,14115.0,-12000.0,195.0,-4000.0
erxes/erxes-api,14115.0,-12000.0,195.0,-4000.0
erxes/erxes-widgets,14115.0,-12000.0,195.0,-4000.0
erxes/erxes-widgets-api,14115.0,-12000.0,195.0,-4000.0
erxes/erxes-ios-sdk,14115.0,-12000.0,195.0,-4000.0
erxes/erxes-ios,14115.0,-12000.0,195.0,-4000.0
erxes/erxes-android-sdk,14115.0,-12000.0,195.0,-4000.0
esdiscuss/esdiscuss.org,,,,
camelot-dev/excalibur,105.0,0.0,,
btargac/excel-parser-processor,,,,
expede/exceptional,,,,
s-a/eye-o,,,,
fabiolb/fabio,90.0,0.0,,
Marak/faker.js,185.0,-114.57,165.0,-600.0
Marak/Faker.js,185.0,-114.57,165.0,-600.0
open-falcon/falcon-plus,,,,
farmOS/farmOS,1373.0,-180.0,157.0,-30.0
fastpack/fastpack,830.0,0.0,,
feathersjs/feathers,5520.0,0.0,1100.0,-500.0
rofrischmann/bredon,111.0,0.0,0.0,-94.0
MontFerret/ferret,2.0,0.0,,
Anyz01/alibaba-fescar,,,,
ff4j/ff4j,100.0,-82.0,0.0,-82.0
JonyFang/FFPopup,4.0,0.0,,
rabbitstack/fibratus,,,,
getfider/fider,92.0,0.0,,
file-icons/atom,760.0,0.0,,
final-form/react-final-form,425.0,0.0,,
final-form/final-form,425.0,0.0,,
final-form/react-final-form-hooks,425.0,0.0,,
npmdoc/node-npmdoc-flatpickr,,,,
flowtype/flow-for-vscode,2005.0,0.0,20.0,-800.0
fluffos/fluffos,,,,
flyimg/flyimg,,,,
opengento/flyimg-akeneo,,,,
Fody/Fody,905.0,-50.0,345.0,-10.0
Fody/MethodTimer,905.0,-50.0,345.0,-10.0
Fody/Home,905.0,-50.0,345.0,-10.0
FriendsOfFlarum/byobu,,,,
matthewgonzalez/fontplop,30.0,-25.33,0.0,-25.33
xaboy/form-builder,,,,
fountainjs/generator-fountain-webapp,220.0,0.0,2.0,-200.14
FountainJS/generator-fountain-webapp,220.0,0.0,2.0,-200.14
foxifyjs/foxify,,,,
freshOS/Stevia,106.0,0.0,,
freshOS/then,106.0,0.0,,
freshOS/ws,106.0,0.0,,
freshOS/Arrow,106.0,0.0,,
freshOS/Router,106.0,0.0,,
freshOS/Komponents,106.0,0.0,,
freshOS/Localize,106.0,0.0,,
freshOS/AssetChecker,106.0,0.0,,
virtualdogbert/Groovy_Links,8085.0,-833.0,3059.0,-500.0
thedaviddias/Front-End-Checklist,83.0,0.0,1.0,-34.88
thedaviddias/Front-End-Performance-Checklist,83.0,0.0,1.0,-34.88
frank-lam/fullstack-tutorial,,,,
energydrink9/functional-data-grid,,,,
fuse-box/fuse-box,558.0,0.0,,
galio-org/galio,15.0,0.0,,
galio-org/docs,15.0,0.0,,
KKMrTan/react-gatsby,1145.0,0.0,4578.0,-668.0
LawJolla/gatsby-ssr-async-fork,,,,
gdljs/gdljs,13800.0,-1500.0,0.0,-2320.5
jhipster/generator-jhipster,10849.0,-3742.85,2.0,-405.64
jhipster/jhipster-artwork,10849.0,-3742.85,2.0,-405.64
zanjs/generator-react-sta,,,,
GeoJSON-Net/GeoJSON.Net,,,,
MaxCDN/bootstrapcdn,1987.59,-854.8999999999999,167.0,-59.150000000000006
TryGhost/Ghost,1630.0,-200.0,2596.0,-200.0
greenaway07/GirlDress,,,,
MichaelMure/git-bug,145.0,0.0,,
dhiogoantonio/Git-history,61.0,-11.17,35.0,-11.17
gitpoint/git-point,89.0,0.0,,
0xchamin/AI-Presentation,89.0,0.0,,
arzzen/git-quick-stats,,,,
sobolevn/git-secret,5.0,0.0,,
go-gitea/gitea,2300.0,-282.52,329.0,-50.3
fibodite/licence,2300.0,-282.52,329.0,-50.3
go-gitea/debian-packaging,2300.0,-282.52,329.0,-50.3
gitextensions/gitextensions,1663.0,0.0,,
huchenme/github-trending-api,,,,
giving-a-fuck-about-climate-change/carbon-inferno,,,,
gnu-mcu-eclipse/eclipse-plugins,,,,
c-bata/go-prompt,,,,
OJ/gobuster,943.37,-654.64,290.0,-654.64
goby-lang/goby,217.0,-63.85,160.0,-14.76
Muterra/py_hypergolix,112.0,0.0,,
Muterra/py_daemoniker,112.0,0.0,,
Muterra/py_hypergolix_demos,112.0,0.0,,
Muterra/py_loopa,112.0,0.0,,
osbzr/gooderp_addons,,,,
Integerous/goQuality-dev-contents,,,,
goreleaser/nfpm,127.0,0.0,163.0,-13.16
jinzhu/gorm,120.0,0.0,,
DisposaBoy/GoSublime,1255.0,-1022.0,0.0,-190.0
asaskevich/govalidator,,,,
gpujs/gpu.js,,,,
artf/grapesjs,1509.0,-398.08,359.0,-300.0
cult-of-coders/grapher,50.0,0.0,,
glennreyes/graphpack,,,,
graphql-compose/graphql-compose,62.0,-18.0,33.0,-18.0
digiaonline/graphql-php,45.0,0.0,,
maticzav/graphql-shield,1552.0,-350.0,350.0,-950.0
SimonCropp/GraphQL.EntityFramework,86.0,0.0,,
getgrav/grav,3506.0,0.0,1150.0,-766.51
subutai-io/documentation,3506.0,0.0,1150.0,-766.51
mikecrittenden/savage-adulting,3506.0,0.0,1150.0,-766.51
hibbitts-design/grav-skeleton-course-hub-site,3506.0,0.0,1150.0,-766.51
hibbitts-design/grav-skeleton-workshop-demo-site,3506.0,0.0,1150.0,-766.51
NIT-Hamirpur-NITH/glugWebsite,3506.0,0.0,1150.0,-766.51
KalAbaddon/listd.k13.app,3506.0,0.0,1150.0,-766.51
Code4Yokohama/code4.yokohama,3506.0,0.0,1150.0,-766.51
greenshot/greenshot,,,,
gulpjs/gulp,1059.0,0.0,3911.0,-200.0
haoxins/haoxins.github.io,0.0,-8.870000000000001,0.0,-4.87
RMax2015/forGL,775.0,0.0,,
health-direct/core,,,,
garetmckinley/hedron,,,,
helio-fm/helio-workstation,,,,
go-hep/hep,,,,
EYHN/hexo-helper-live2d,,,,
HamzaGhazouani/HGPlaceholders,,,,
hoaproject/Central,100.0,0.0,,
holyjs/holyjs,,,,
GDGToulouse/site-devfest-toulouse-2018,77.0,0.0,,
DACHFest/dachfest.com,77.0,0.0,,
GDG-Nantes/devfest2018,77.0,0.0,,
gdgzh/devfest18-website,77.0,0.0,,
LostInBrittany/DevFestBdM-2019,77.0,0.0,,
jantimon/html-webpack-plugin,1970.0,0.0,,
ampedandwired/html-webpack-plugin,1970.0,0.0,,
htmlhint/HTMLHint,,,,
yaniswang/HTMLHint,,,,
http4k/http4k,130.0,0.0,,
Humanitarian-AI/Microgrant-Fund,140.0,0.0,,
WebReflection/hyperHTML,965.0,0.0,,
WebReflection/hyperhtml,965.0,0.0,,
WebReflection/lightercollective,965.0,0.0,,
NickTikhonov/hyperterm-hyperline,,,,
ibuildio/ibuildio,,,,
idyll-lang/idyll,300.0,0.0,50.0,-750.0
SixLabors/ImageSharp,1995.0,0.0,76.0,-73.17
SixLabors/ImageSharp.Web,1995.0,0.0,76.0,-73.17
weddingwire/imaginary,200.0,-155.0,0.0,-155.0
jeddict/jeddict,,,,
indieweb/wordpress-indieauth,2030.0,-867.62,251.0,-555.63
iNDS-Team/iNDS,,,,
infernojs/inferno,580.0,0.0,,
regenhans/informebajolupa,,,,
infusionvlc/infusion,116.0,0.0,,
infusionvlc/ConexionFelina,116.0,0.0,,
infusionvlc/somnium_server,116.0,0.0,,
breuerfelix/instapy-gui,1065.62,-319.32,325.0,-200.0
InstaPy/instapy-docker,1065.62,-319.32,325.0,-200.0
huihut/interview,,,,
JaeYeopHan/Interview_Question_for_Beginner,,,,
ionide/ionide-vscode-fsharp,14359.0,0.0,,
ionide/Forge,14359.0,0.0,,
luin/ioredis,415.0,0.0,,
ipfs-search/ipfs-search,,,,
isomorphic-git/isomorphic-git,735.0,-13.16,1260.0,-13.16
iview/iview,140.0,0.0,,
javascript-obfuscator/javascript-obfuscator,37.0,-13.0,0.0,-45.0
jeantimex/javascript-problems-and-solutions,,,,
rampatra/jbot,25.0,-14.16,5.0,-14.16
casbin/jcasbin,,,,
lalitv92/lalitv92.github.io,20402.0,-2270.0,1836.0,-8.97
jellyfin/jellyfin,1193.0,-195.39000000000001,25.0,-56.7
jerverless/jerverless,50.0,-43.0,0.0,-43.0
facebook/jest,,,,
shashkovdanil/clean-publish,,,,
walker89/button,14677.0,-2191.78,3874.0,-34.0
smooth-code/jest-puppeteer,1100.0,-400.0,600.0,-400.0
jingweno/jqplay,50.0,0.0,30.0,-76.4
briangonzalez/jquery.adaptive-backgrounds.js,,,,
lingui/js-lingui,45.0,0.0,,
kucherenko/jscpd,70.0,0.0,,
jsonmvc/jsonmvc,25.0,0.0,,
wuseal/JsonToKotlinClass,,,,
cssinjs/jss,150.0,0.0,140.0,-10.0
kitze/JSUI,57.31,0.0,,
jojoldu/junior-recruit-scheduler,,,,
davydovanton/kan,,,,
karafka/karafka,40.0,0.0,,
monounity/karma-typescript,,,,
skywind3000/kcp,,,,
keajs/kea,306.0,0.0,,
xesscorp/KiCost,505.0,0.0,,
kitspace/kitspace,505.0,0.0,,
kivy/python-for-android,4034.0,-10.0,3010.0,-10.0
kivy/pyjnius,4034.0,-10.0,3010.0,-10.0
kivy/buildozer,4034.0,-10.0,3010.0,-10.0
kivy/plyer,4034.0,-10.0,3010.0,-10.0
kivy/kivy-ios,4034.0,-10.0,3010.0,-10.0
kivy/pyobjus,4034.0,-10.0,3010.0,-10.0
idno/known,1979.0,-325.0,865.0,-325.0
koajs/koa,464.0,0.0,,
demopark/koa-docs-Zh-CN,464.0,0.0,,
frontMoment/koa-analyze,464.0,0.0,,
phanan/koel,50.0,0.0,30.0,-53.04
InsertKoinIO/koin,32.0,0.0,,
TheScripters/kpfw,44.41,-26.240000000000002,44.41,-26.240000000000002
democratech/LaPrimaire,800.0,0.0,,
democratech/legislatives.laprimaire.org,800.0,0.0,,
democratech/pages,800.0,0.0,,
democratech/LaPrimaireBot,800.0,0.0,,
scotch115/Website,85.0,0.0,,
guanhui07/tpackage,150.0,0.0,,
jellybobbin/laravel-admin,,,,
avored/laravel-ecommerce,,,,
sdli/scrum,,,,
teamtnt/laravel-scout-tntsearch-driver,35.0,0.0,,
saleem-hadad/larecipe,140.0,-100.0,10.0,-100.0
cagataycali/lazy,,,,
NEWBEE108/https-github.com-yuzhoujr-leetcode,,,,
NEWBEE108/leetcode_solutions,,,,
wang-shishuang/LeetCode-Algorithm,,,,
cxxxr/lem,1935.0,-1010.0,310.0,-270.0
ajaxtown/letterpad,,,,
letterpad/letterpad,,,,
Level/level,250.0,0.0,,
Level/level-js,250.0,0.0,,
Level/memdown,250.0,0.0,,
Level/awesome,250.0,0.0,,
Level/level-rocksdb,250.0,0.0,,
Level/abstract-leveldown,250.0,0.0,,
Level/rocksdb,250.0,0.0,,
Level/electron-demo,250.0,0.0,,
Level/subleveldown,250.0,0.0,,
Level/level-browserify,250.0,0.0,,
Level/leveljs.org,250.0,0.0,,
Level/level-hyper,250.0,0.0,,
Level/codec,250.0,0.0,,
Level/community,250.0,0.0,,
Level/encoding-down,250.0,0.0,,
Level/level-ws,250.0,0.0,,
Level/mem,250.0,0.0,,
Level/deferred-leveldown,250.0,0.0,,
Level/errors,250.0,0.0,,
Level/leveldown-hyper,250.0,0.0,,
Level/iterator-stream,250.0,0.0,,
Level/bench,250.0,0.0,,
Level/concat-iterator,250.0,0.0,,
Level/lazy-open,250.0,0.0,,
Level/webpack-starter,250.0,0.0,,
Level/compose,250.0,0.0,,
Level/browserify-starter,250.0,0.0,,
openvenues/libpostal,1114.0,0.0,,
ymmah/libpostal,1114.0,0.0,,
streamich/libreact,,,,
libremesh/lime-packages,39.0,0.0,,
aparcar/attendedsysupgrade-server,39.0,0.0,,
librenms/librenms,975.0,0.0,899.0,-165.96
wikimedia/operations-software-librenms,975.0,0.0,899.0,-165.96
LibreTime/libretime,,,,
lidarr/Lidarr,401.0,-118.86,32.0,-49.09
nodeschool/lima,947.4300000000001,-542.86,227.43,-167.43
abntex/limarka,,,,
steelbrain/linter,250.0,0.0,,
xiazeyu/live2d-widget.js,,,,
smooth-code/loadable-components,400.0,0.0,,
localstack/localstack,265.0,0.0,,
alxshelepenok/gatsby-starter-lumen,35.0,0.0,,
yoshimoto8/blog,35.0,0.0,,
simondlr/simondlr-lumen,35.0,0.0,,
SaraVieira/personal-website,35.0,0.0,,
anmonteiro/lumo,2457.0,-1209.61,0.0,-321.77
LeachZhou/lvyou,,,,
LWJGL/lwjgl3,360.0,0.0,,
Meituan-Dianping/lyrebird,,,,
punker76/MahApps.Metro.SimpleChildWindow,1570.0,-834.9100000000001,194.0,-22.0
MahApps/MahApps.Metro,,,,
brandonseydel/MailChimp.Net,,,,
MajsoulPlus/majsoul-plus,,,,
staltz/manyverse,12391.0,-3013.0,0.0,-1275.0
probablyup/markdown-to-jsx,11.0,0.0,,
Daemonite/material,1050.0,0.0,,
BlackBoxVision/material-calendar-view,,,,
alexanmtz/material-sense,,,,
mui-org/material-ui,6310.0,-4352.0,32528.800000000003,-14000.0
MaterialDesignInXAML/MaterialDesignInXamlToolkit,20.0,0.0,,
versatica/mediasoup,160.0,0.0,,
krissnawat/medium-clone-on-node,,,,
catfan/Medoo,,,,
sahat/megaboilerplate,100.0,0.0,,
aldeed/meteor-collection2,,,,
zodern/meteor-up,2493.0,-850.0,1946.0,-250.0
michiganpython/MiPEP,790.0,-512.22,0.0,-139.93
Midnight-Lizard/Midnight-Lizard,201.0,-10.11,167.0,-10.11
midori-rb/midori.rb,,,,
midwayjs/midway,,,,
500tech/mimic,,,,
mint-lang/mint,20.0,0.0,,
miscible/react-cam,,,,
MithrilJS/mithril.js,840.0,0.0,,
tankokai/Tankokai-MT,840.0,0.0,,
mobxjs/mst-gql,822.0,0.0,2122.0,-3000.0
suprise/mobx-cn,822.0,0.0,2122.0,-3000.0
alexander812/mobx-pack,822.0,0.0,2122.0,-3000.0
foxhound87/mobx-react-form,5000.0,-1889.1,0.0,-2600.0
danielskatz/sustaining-research-projects,6161.0,-1476.96,8317.0,-2.0
mockk/mockk,160.0,0.0,,
vidalfi/Modular-Admin,38.0,0.0,,
kimarudg/modular-admin-html,,,,
moeoverflow/moeoverflow,2.33,0.0,,
OpenKitten/MongoKitten,100.0,0.0,,
omidfi/moro,,,,
albacoretuna/moro,,,,
KuangPF/mpvue-weui,,,,
chkr1011/MQTTnet,110.0,0.0,,
bluesven869/music-player,,,,
MvvmCross/MvvmCross,2598.0,-7.5,467.0,-100.0
mybb/mybb,120.0,0.0,,
my-language-skills/simple-revision-cleaner,,,,
my-language-skills/all-in-one-metadata,,,,
my-language-skills/simple-metadata-news,,,,
my-language-skills/simple-metadata-lifecycle,,,,
my-language-skills/simple-removal-of-posted-images,,,,
my-language-skills/simple-clean-content,,,,
my-language-skills/translations-for-pressbooks,,,,
my-language-skills/simple-default-timezone,,,,
my-language-skills/extensions-for-pressbooks,,,,
my-language-skills/simple-metadata-annotation,,,,
my-language-skills/books4languages-book-child-theme-for-pressbooks,,,,
my-language-skills/simple-metadata,,,,
my-language-skills/simple-metadata-education,,,,
nannou-org/nannou,124.0,0.0,,
nanoframework/Home,380.0,-108.57,25.0,-108.57
720kb/ndm,,,,
mwd-huyquangngo/negotiated-market,,,,
nerves-project/nerves,2600.0,-1542.85,1261.0,-858.8499999999999
sabondano/elixirconf-2018,2600.0,-1542.85,1261.0,-858.8499999999999
nestjs/nest,,,,
nestjs/mongoose,,,,
afertil/nest-chat-api,7733.91,-6534.01,4904.5,-5600.0
samueleresca/Blog.NestGettingStarted,7733.91,-6534.01,4904.5,-5600.0
ComBarnea/nestjs-boilerplate,7733.91,-6534.01,4904.5,-5600.0
xavism/nestjs-generic-crud,7733.91,-6534.01,4904.5,-5600.0
loiane/nestjs-node-mongo-crud,7733.91,-6534.01,4904.5,-5600.0
fwoelffel/nestjs-starter,7733.91,-6534.01,4904.5,-5600.0
naimjeem/nestjs-mysql-crud-api,7733.91,-6534.01,4904.5,-5600.0
FaztWeb/nestjs-products-api,7733.91,-6534.01,4904.5,-5600.0
rubenCodeforges/ng-tutorial-blog-api,7733.91,-6534.01,4904.5,-5600.0
deboraornellas/nestjs-testing,7733.91,-6534.01,4904.5,-5600.0
xavism/nestjs-crud,7733.91,-6534.01,4904.5,-5600.0
IngAjVillalon/Nestjs_GCloud-App-Engine-Standard,7733.91,-6534.01,4904.5,-5600.0
dbratsun/olive-backend,7733.91,-6534.01,4904.5,-5600.0
2muchcoffeecom/nest-uploadfile-react,7733.91,-6534.01,4904.5,-5600.0
dmarg/employee-directory-nest,7733.91,-6534.01,4904.5,-5600.0
afertil/nest-rest-api,7733.91,-6534.01,4904.5,-5600.0
nestjsx/crud,327.0,0.0,,
anima-c/ng-alain,,,,
ng-packagr/ng-packagr,131.0,0.0,,
dbreuer/angular-pwa-workflow,204.0,-62.0,75.0,-62.0
ngrx/platform,4653.0,-2910.0,3528.0,-2200.0
RxJS-CN/ngrx-docs-cn,4653.0,-2910.0,3528.0,-2200.0
valor-software/ngx-bootstrap,15.0,0.0,,
orizens/ngx-infinite-scroll,85.0,0.0,,
JsDaddy/ngx-mask,,,,
matsumotory/ngx_mruby,5.0,0.0,,
ngxs/store,500.0,0.0,105.0,-500.0
nightwatchjs/nightwatch-website-tests,16.0,0.0,,
plouc/nivo,90.0,0.0,,
noble/noble,1437.0,-35.34,1147.0,-35.34
sandeepmistry/noble,1437.0,-35.34,1147.0,-35.34
nock/nock,5104.0,-1075.0,97.0,-500.0
nock/welcome,5104.0,-1075.0,97.0,-500.0
node-cron/node-cron,16.0,0.0,,
db-migrate/node-db-migrate,64.0,0.0,,
truongsinh/node-evercookie,,,,
vinitkumar/node-twitter,,,,
oncletom/nodebook,20.0,0.0,,
dreamworld1101/nodemailer,1070.0,-805.0,10.0,-375.0
remy/nodemon,2667.0,-702.0,956.0,-500.0
LambdaSchool/Getting-Started,2667.0,-702.0,956.0,-500.0
notadd/notadd,,,,
5argon/NotchSolution,,,,
nrepl/nrepl,85.0,0.0,,
NServiceBusExtensions/NServiceBus.Serilog,150.0,0.0,,
NServiceBusExtensions/Newtonsoft.Json.Encryption,150.0,0.0,,
NServiceBusExtensions/NServiceBus.ZeroFormatter,150.0,0.0,,
NServiceBusExtensions/NServiceBus.ProtoBufNet,150.0,0.0,,
NServiceBusExtensions/Home,150.0,0.0,,
NServiceBusExtensions/NServiceBus.Wire,150.0,0.0,,
NServiceBusExtensions/NServiceBus.Attachments,150.0,0.0,,
NServiceBusExtensions/NServiceBus.HandlerOrdering,150.0,0.0,,
NServiceBusExtensions/NServiceBus.Jil,150.0,0.0,,
NServiceBusExtensions/NServiceBus.Bond,150.0,0.0,,
NServiceBusExtensions/NServiceBus.MicrosoftLogging,150.0,0.0,,
NServiceBusExtensions/NServiceBus.Utf8Json,150.0,0.0,,
NServiceBusExtensions/NServiceBus.ApprovalTests,150.0,0.0,,
NServiceBusExtensions/NServiceBus.MsgPack,150.0,0.0,,
NServiceBusExtensions/NServiceBus.ProtoBufGoogle,150.0,0.0,,
NServiceBusExtensions/NServiceBus.MessagePack,150.0,0.0,,
NServiceBusExtensions/NServiceBus.Native,150.0,0.0,,
NServiceBusExtensions/NServiceBus.Validation,150.0,0.0,,
NServiceBusExtensions/NServiceBus.Hyperion,150.0,0.0,,
NServiceBusExtensions/NServiceBus.AuditFilter,150.0,0.0,,
nuke-build/nuke,145.0,0.0,,
nusmodifications/nusmods,326.0,-130.0,12.0,-130.0
nutzam/nutz,,,,
Wizzercn/NutzWk,,,,
nuxt/nuxt.js,6062.0,-2207.75,110.0,-2483.32
nuxt/opencollective,6062.0,-2207.75,110.0,-2483.32
she110ff/nuxt-vuetify-graphql-mongoDB,6062.0,-2207.75,110.0,-2483.32
octobox/octobox,,,,
thomasjjordan/octobox-notifications,326.6,-152.6,7466.0,-443.1
zooter68/OctoLinky,111.0,-7.0,88.0,-7.0
linyows/octopass,,,,
ahmadawais/hacktoberfest,310.0,0.0,,
lokiengineering/odrerir-app,,,,
NekR/offline-plugin,541.0,-370.0,218.0,-1100.0
OI-wiki/OI-wiki,,,,
academic/vipa,,,,
opal/opal,295.0,0.0,,
open-falcon/book,,,,
APIs-guru/openapi-directory,55.0,-17.7,0.0,-17.7
Mermade/oas-kit,55.0,-17.7,0.0,-17.7
opencollective/documentation,24.0,-210.0,0.0,-27500.0
openemr/openemr,675.0,0.0,,
openfarmcc/OpenFarm,449.0,-5.0,394.0,-5.0
openfoodfacts/openfoodfacts-server,182.15,-22.15,182.15,-4.43
openintents/filemanager,,,,
openintents/calendar-sync,,,,
jscad/OpenJSCAD.org,190.0,0.0,,
opensourcediversity/opensourcediversity.org,460.0,0.0,,
standards/meta,,,,
openstf/stf,5.0,0.0,,
z56402344/stfGroup,5.0,0.0,,
openulmus/openulmus.org,445.0,0.0,,
OpenVidu/openvidu,25.0,0.0,,
OpenVidu/openvidu-tutorials,,,,
openwhyd/openwhyd,465.0,-293.26,18.0,-28.32
openwhyd/openwhyd-react,465.0,-293.26,18.0,-28.32
OperationCode/operationcode_old_site,,,,
OperationCode/operationcode_slashbot,0.0,-3500.0,217.05,-217.05
opsdroid/opsdroid,,,,
apicra/devops,245.0,-71.42,250.0,-17.89
ironmussa/Optimus,,,,
JavaEden/Orchid,,,,
oscommunityafrica/docs,2909.0,-14.0,2539.0,-14.0
petrk94/ownhealthrecord,,,,
patrikx3/onenote,,,,
pact-foundation/pact-ruby,120.0,0.0,,
panda3d/panda3d,5870.0,-1143.08,10.0,-336.0
parcel-bundler/parcel,4286.0,-130.0,1266.0,-912.0
xDae/styled-bootstrap,4286.0,-130.0,1266.0,-912.0
parse-community/parse-server,,,,
parse-community/parse-dashboard,,,,
parse-community/Parse-SDK-iOS-OSX,,,,
parse-community/parse-server-example,,,,
parse-community/Parse-SDK-Android,,,,
parse-community/Parse-SDK-JS,,,,
parse-community/parse-php-sdk,,,,
parse-community/ParseUI-Android,,,,
parse-community/docs,,,,
parse-community/Parse-SDK-dotNET,,,,
parse-community/ParseLiveQuery-iOS-OSX,,,,
parse-community/parse-cli,,,,
parse-community/ParseFacebookUtils-iOS,,,,
parse-community/Parse-SDK-Arduino,,,,
parse-community/ParseTwitterUtils-Android,,,,
parse-community/blog,,,,
parse-community/parse-community.github.io,,,,
DevOpsTerminal/frontend,4832.0,0.0,781.0,-8.9
soapdog/patchfox,2037.0,0.0,,
peachcloud/meta,391.0,0.0,,
peers/peerjs,299.0,-12.35,16.0,-250.0
Zizzamia/perfume.js,,,,
phalcon/cphalcon,8135.01,-142.62,26.0,-100.0
zephir-lang/zephir-vscode,,,,
phenomic/phenomic,863.0,0.0,18.0,-995.01
MoOx/phenomic,863.0,0.0,18.0,-995.01
rampatra/photography,,,,
php-casbin/php-casbin,,,,
jimmiw/php-time-ago,,,,
PiranhaCMS/piranha.core,415.0,-172.0,160.0,-88.0
ushahidi/platform,,,,
slimkit/plus,,,,
pnpm/pnpm,367.0,-100.0,14.0,-100.0
PokeAPI/pokeapi,2.0,0.0,,
burtonator/polar-bookshelf,2485.71,-1510.0,609.4100000000001,-1000.0
styled-components/polished,9.0,0.0,,
flosch/pongo2,,,,
Actinium-project/ln-plugin-pony,3315.0,-241.62,440.0,-5.0
popcorn-nantes/popcorn-nantes,50.0,0.0,,
popcorn-nantes/popcorn-starter,50.0,0.0,,
fekr/postagga,,,,
Paxa/postbird,,,,
preactjs/preact,12526.5,-4260.04,2940.0,-220.0
developit/preact,12526.5,-4260.04,2940.0,-220.0
sventschui/preact-ssr-prepass,12526.5,-4260.04,2940.0,-220.0
projectM-visualizer/projectm,185.0,0.0,,
etewiah/property_web_builder,40.0,0.0,,
RealEstateWebTools/property_web_scraper,40.0,0.0,,
etewiah/pwb-themes-base,40.0,0.0,,
opencollective/opencollective,,,,
GetPublii/Publii,1849.0,0.0,,
jadejs/jade,765.0,-516.1,1035.0,-200.0
PumpkinDB/PumpkinDB,315.0,-98.45,175.0,-87.44
kblok/puppeteer-sharp,92.0,0.0,,
casbin/pycasbin,,,,
QubesOS/qubesos.github.io,14844.12,-4150.0,1042.0,-1250.0
kanryu/quickviewer,,,,
Radarr/Radarr,2135.0,0.0,,
RagtagOpen/bidwire,3335.0,-2207.0,860.0,-838.0
char0n/ramda-adjunct,,,,
terkelg/ramme,,,,
Sly777/ran,,,,
activerecord-hackery/ransack,900.0,-600.0,100.0,-600.0
rbytr/rbytr,,,,
securingsincity/react-ace,45.0,0.0,,
kriasoft/react-app,,,,
react-boilerplate/react-boilerplate,6947.0,-654.0,102.0,-25.0
silentcicero/react-dapp-boilerplate,6947.0,-654.0,102.0,-25.0
SilentCicero/react-dapp-boilerplate,6947.0,-654.0,102.0,-25.0
Dattaya/react-boilerplate-object,6947.0,-654.0,102.0,-25.0
draftapps/frontend,6947.0,-654.0,102.0,-25.0
grommet/grommet-react-boilerplate,6947.0,-654.0,102.0,-25.0
joehua87/redux-crud-example,6947.0,-654.0,102.0,-25.0
andykenward/react-boilerplate-no-router,6947.0,-654.0,102.0,-25.0
club-react/react-boilerplate-material-ui,6947.0,-654.0,102.0,-25.0
chaddoy/react-antd-boilerplate,6947.0,-654.0,102.0,-25.0
kondoSoft/react-car-rental,6947.0,-654.0,102.0,-25.0
adl1995/4chan-react-clone,6947.0,-654.0,102.0,-25.0
WeiFei365/react-boilerplate-3.5.0,6947.0,-654.0,102.0,-25.0
sean-stanley/dndCombat,6947.0,-654.0,102.0,-25.0
damaera/produktif,6947.0,-654.0,102.0,-25.0
BeautifulTrouble/beautifulrising-client,6947.0,-654.0,102.0,-25.0
bitriddler/react-tutorials,6947.0,-654.0,102.0,-25.0
boogunote/mevoco-client,6947.0,-654.0,102.0,-25.0
jfairbank/_redux-saga-router_5,6947.0,-654.0,102.0,-25.0
luuquangminh/google_book_react_redux_saga,6947.0,-654.0,102.0,-25.0
foodbutton/website-react,6947.0,-654.0,102.0,-25.0
dcarneiro/my-react-boilerplate,6947.0,-654.0,102.0,-25.0
haf/optimistic,6947.0,-654.0,102.0,-25.0
schnelleio/redux-saga-offline-images,6947.0,-654.0,102.0,-25.0
JumpLao/react-boilerplate-antd,6947.0,-654.0,102.0,-25.0
wojtekmaj/react-calendar,,,,
ReactExpert/react-calendar-master,,,,
wojtekmaj/react-date-picker,6.0,0.0,,
react-dropzone/react-dropzone,106.0,0.0,,
kriasoft/react-firebase-starter,1100.0,-781.2,50.0,-434.0
kriasoft/react-static-boilerplate,1100.0,-781.2,50.0,-434.0
gaearon/react-hot-loader,415.0,-230.0,445.0,-230.0
mohitk05/react-insta-stories,,,,
wojtekmaj/react-lifecycle-methods-diagram,,,,
react-native-community/react-native-camera,729.0,0.0,149.0,-500.0
jhen0409/react-native-debugger,62.0,0.0,,
react-native-training/react-native-elements,1704.0,-670.0,1014.0,-75.0
invertase/react-native-firebase,1039.0,0.0,58.0,-150.0
invertase/react-native-firebase-starter,1039.0,0.0,58.0,-150.0
invertase/denque,1039.0,0.0,58.0,-150.0
invertase/react-native-gradle-plugin,1039.0,0.0,58.0,-150.0
invertase/sails-firebase-auth,1039.0,0.0,58.0,-150.0
invertase/firebase-firestore-fields,1039.0,0.0,58.0,-150.0
invertase/puppeteer-pool,1039.0,0.0,58.0,-150.0
getdersim/mobil,1039.0,0.0,58.0,-150.0
hd4niel/spektrumapp,1039.0,0.0,58.0,-150.0
benjefferies/nanotifyapp,1039.0,0.0,58.0,-150.0
invertase/docker-react-native-firebase-android,1039.0,0.0,58.0,-150.0
dooboolab/react-native-iap,,,,
eraydemirok/react-native-iap-248,110.0,0.0,,
ivpusic/react-native-image-crop-picker,379.0,-280.0,29.0,-280.0
PowerMobileWeb/react-native-image-crop-picker,379.0,-280.0,29.0,-280.0
wwx193433/react-native-beauti-image-picker,379.0,-280.0,29.0,-280.0
brh55/react-native-masonry,,,,
moaazsidat/react-native-qrcode-scanner,,,,
idibidiart/react-native-responsive-grid,,,,
aksonov/react-native-router-flux,532.0,0.0,,
sunnylqm/react-native-storage,,,,
diegomura/react-pdf,1362.0,-88.0,1263.0,-1200.0
wojtekmaj/react-pdf,1.0,0.0,,
energydrink9/react-popper-dropdown,,,,
Atyantik/react-pwa,210.0,-120.0,74.0,-100.0
Atyantik/pawjs,210.0,-120.0,74.0,-100.0
Atyantik/example-pawjs-redux,,,,
Atyantik/example-pawjs-material-ui,,,,
Atyantik/example-pawjs-semantic-ui,,,,
Atyantik/example-pawjs-ant-design,,,,
Atyantik/example-pawjs-tailwind,,,,
Atyantik/example-pawjs-redux-saga,,,,
Atyantik/example-pawjs-auth,,,,
Atyantik/example-pawjs-social-auth,,,,
Atyantik/example-pawjs-sass,,,,
prescottprue/react-redux-firebase,50.0,0.0,125.0,-14.0
WebStudio523/react-redux-firebase-typescript-css-js,50.0,0.0,125.0,-14.0
akiran/react-slick,100.0,-20.0,5.0,-20.0
react-spring/react-spring,365.0,0.0,135.0,-349.05
drcmda/react-spring,365.0,0.0,135.0,-349.05
Whippyt/WhippytWebsite,,,,
sebischair/amelietor,,,,
boopathi/react-svg-loader,,,,
guiqui/react-timeline-gantt,,,,
guiqui/react-flow,,,,
bvaughn/react-virtualized,495.0,0.0,344.0,-100.0
reactabular/reactabular,40.0,0.0,,
reactiveui/ReactiveUI,2477.0,-231.0,1750.0,-216.0
reactiveui/Akavache,2477.0,-231.0,1750.0,-216.0
reactiveui/splat,2477.0,-231.0,1750.0,-216.0
reactiveui/punchclock,2477.0,-231.0,1750.0,-216.0
reactiveui/Pharmacist,2477.0,-231.0,1750.0,-216.0
reactiveui/Sextant,2477.0,-231.0,1750.0,-216.0
dotnet/reactive,,,,
ken107/read-aloud,,,,
karantin2020/readline,455.0,0.0,,
reakit/reakit,350.0,0.0,,
oxequa/realize,,,,
PyCQA/redbaron,530.0,-213.0,275.0,-213.0
PyCQA/baron,530.0,-213.0,275.0,-213.0
udleinati/redirect.center,,,,
cult-of-coders/redis-oplog,255.0,0.0,,
redom/redom,90.0,0.0,,
zalmoxisus/redux-devtools-extension,1083.0,0.0,2177.0,-570.0
prescottprue/redux-firebase,,,,
dimitri-a/fieldarray_sample,205.0,0.0,,
dimitri-a/redux-form-dispatch-error,205.0,0.0,,
camsong/redux-in-chinese,,,,
redux-saga/redux-saga,2683.0,0.0,2516.0,-352.0
joelbarbosa/redux-saga-pt_BR,2683.0,0.0,2516.0,-352.0
js-ru/redux-saga-ru,2683.0,0.0,2516.0,-352.0
reixs/reixs,,,,
relax/relax,300.0,-91.02000000000001,0.0,-159.9
pavjacko/renative,,,,
w3c/respec,,,,
JKHeadley/rest-hapi,,,,
Jurabek/Restaurant-App,,,,
restfb/restfb,,,,
saadq/resumake.io,,,,
revery-ui/revery,932.0,-50.0,49.0,-35.0
reviewdog/reviewdog,5.0,0.0,,
juliatashiro/riot,1396.0,-350.0,665.0,-500.0
dhowe/RiTa,,,,
jamesmfriedman/rmwc,556.0,0.0,,
uxpin-merge/rmwc-merge,556.0,0.0,,
pikapkg/web,8891.0,-4598.0,810.0,-475.0
rom-rb/rom,202.0,0.0,,
rsuite/rsuite,,,,
zhupingqi/RuiJi.Net,30.0,0.0,,
svartalf/rust-battery,10.0,0.0,,
rvm/ubuntu_rvm,650.0,0.0,,
saberland/saber,,,,
DaDlugosch/u2,6243.0,-3250.0,46.0,-1365.56
sahat/satellizer,1102.0,0.0,,
jbeard4/SCION,1150.0,-500.0,300.0,-500.0
sdkman/sdkman-db-migrations,852.1600000000001,-170.45,0.0,-45.0
xdamman/selection-sharer,,,,
serialport/node-serialport,130.0,0.0,,
twolfson/sexy-bash-prompt,20.0,0.0,,
alexjlockwood/ShapeShifter,434.0,0.0,,
badges/shields,1034.0,-130.67000000000002,129.0,-5.85
selmanozturk/Scoin4You,1034.0,-130.67000000000002,129.0,-5.85
kikeex/GraphQL-Sequelize-Mysql-example,1034.0,-130.67000000000002,129.0,-5.85
badges/daily-tests,1034.0,-130.67000000000002,129.0,-5.85
SciSharp/SiaNet,,,,
mohiva/play-silhouette,1020.0,-77.03,10.0,-69.0
minutemen/silhouette,1020.0,-77.03,10.0,-69.0
minutemen/silhouette-akka-http,1020.0,-77.03,10.0,-69.0
simplcommerce/SimplCommerce,,,,
aldeed/simple-schema-js,40.0,0.0,,
aldeed/node-simple-schema,40.0,0.0,,
newpanjing/simpleui,,,,
CanopyTax/single-spa,,,,
sinonjs/nise,199.0,0.0,3574.3999999999996,-496.0
sinonjs/formatio,199.0,0.0,3574.3999999999996,-496.0
sinonjs/referee,199.0,0.0,3574.3999999999996,-496.0
sinonjs/samsam,199.0,0.0,3574.3999999999996,-496.0
sinonjs/referee-sinon,199.0,0.0,3574.3999999999996,-496.0
sit-fyi/sit,0.0,-44.0,0.0,-4.0
mateeyow/sizzy-docker,100.0,0.0,,
skatejs/skatejs,1470.0,0.0,0.0,-144.71
yiom/sketchpad,,,,
social-manager-tools/socialmanagertools-igbot,,,,
social-manager-tools/socialmanagertools-gui,,,,
social-manager-tools/socialmanagertools-docs,,,,
social-manager-tools/socialmanagertools-twbot,,,,
social-manager-tools/socialmanagertools-fbbot,,,,
LearnBoost/socket.io,866.0,0.0,2770.0,-2400.0
gautamkrishnar/socli,,,,
solidusio/solidus,24615.0,0.0,,
sous-chefs/nginx,515.0,-14.99,255.0,-14.99
sous-chefs/java,515.0,-14.99,255.0,-14.99
sous-chefs/ruby_rbenv,515.0,-14.99,255.0,-14.99
sous-chefs/mysql,515.0,-14.99,255.0,-14.99
sous-chefs/postgresql,515.0,-14.99,255.0,-14.99
sous-chefs/php,515.0,-14.99,255.0,-14.99
sous-chefs/redisio,515.0,-14.99,255.0,-14.99
sous-chefs/apache2,515.0,-14.99,255.0,-14.99
sous-chefs/consul,515.0,-14.99,255.0,-14.99
sous-chefs/graphite,515.0,-14.99,255.0,-14.99
sous-chefs/haproxy,515.0,-14.99,255.0,-14.99
sous-chefs/nagios,515.0,-14.99,255.0,-14.99
sous-chefs/ruby_build,515.0,-14.99,255.0,-14.99
sous-chefs/percona,515.0,-14.99,255.0,-14.99
sous-chefs/openvpn,515.0,-14.99,255.0,-14.99
sous-chefs/kafka,515.0,-14.99,255.0,-14.99
sous-chefs/SublimeChef,515.0,-14.99,255.0,-14.99
sous-chefs/line,515.0,-14.99,255.0,-14.99
sous-chefs/mongodb,515.0,-14.99,255.0,-14.99
sous-chefs/grafana,515.0,-14.99,255.0,-14.99
sous-chefs/varnish,515.0,-14.99,255.0,-14.99
sous-chefs/vagrant,515.0,-14.99,255.0,-14.99
sous-chefs/rundeck,515.0,-14.99,255.0,-14.99
sous-chefs/ossec,515.0,-14.99,255.0,-14.99
sous-chefs/confluence,515.0,-14.99,255.0,-14.99
sous-chefs/mariadb,515.0,-14.99,255.0,-14.99
sous-chefs/vault,515.0,-14.99,255.0,-14.99
sous-chefs/passenger_apache2,515.0,-14.99,255.0,-14.99
sous-chefs/aptly,515.0,-14.99,255.0,-14.99
sous-chefs/samba,515.0,-14.99,255.0,-14.99
sous-chefs/squid,515.0,-14.99,255.0,-14.99
sous-chefs/keepalived,515.0,-14.99,255.0,-14.99
sous-chefs/nrpe,515.0,-14.99,255.0,-14.99
sous-chefs/dhcp,515.0,-14.99,255.0,-14.99
sous-chefs/snort,515.0,-14.99,255.0,-14.99
sous-chefs/filesystem,515.0,-14.99,255.0,-14.99
sous-chefs/selinux_policy,515.0,-14.99,255.0,-14.99
sous-chefs/language-chef,515.0,-14.99,255.0,-14.99
sous-chefs/chef-stunnel,515.0,-14.99,255.0,-14.99
sous-chefs/reprepro,515.0,-14.99,255.0,-14.99
sous-chefs/terraform-github-org,515.0,-14.99,255.0,-14.99
sous-chefs/smartmontools,515.0,-14.99,255.0,-14.99
sous-chefs/gpg,515.0,-14.99,255.0,-14.99
sous-chefs/unbound,515.0,-14.99,255.0,-14.99
sous-chefs/dnsmasq,515.0,-14.99,255.0,-14.99
sous-chefs/zabbix-agent,515.0,-14.99,255.0,-14.99
sous-chefs/nginx_simplecgi,515.0,-14.99,255.0,-14.99
sous-chefs/atom,515.0,-14.99,255.0,-14.99
sous-chefs/winrm,515.0,-14.99,255.0,-14.99
sous-chefs/chef-appveyor-ci,515.0,-14.99,255.0,-14.99
sous-chefs/website,515.0,-14.99,255.0,-14.99
sous-chefs/sensors,515.0,-14.99,255.0,-14.99
sous-chefs/control_groups,515.0,-14.99,255.0,-14.99
sous-chefs/nano,515.0,-14.99,255.0,-14.99
sous-chefs/kismet,515.0,-14.99,255.0,-14.99
sous-chefs/npm_lazy,515.0,-14.99,255.0,-14.99
sous-chefs/nexus,515.0,-14.99,255.0,-14.99
sous-chefs/vscode,515.0,-14.99,255.0,-14.99
sous-chefs/bsdcpio,515.0,-14.99,255.0,-14.99
sous-chefs/pulledpork,515.0,-14.99,255.0,-14.99
sous-chefs/repo-management,515.0,-14.99,255.0,-14.99
sous-chefs/sc-chruby,515.0,-14.99,255.0,-14.99
liuchengxu/space-vim,,,,
SpaceVim/SpaceVim,10.0,0.0,,
speedtracker/speedtracker,,,,
warecrer/SPLIT,1545.0,-74.0,1266.0,-499.0
nathancahill/split,100.0,0.0,,
nathancahill/Split.js,100.0,0.0,,
spyder-ide/spyder,4192.0,0.0,455.0,-441.0
spyder-ide/qtpy,4192.0,0.0,455.0,-441.0
spyder-ide/spyder-notebook,4192.0,0.0,455.0,-441.0
spyder-ide/spyder-vim,4192.0,0.0,455.0,-441.0
spyder-ide/qtsass,4192.0,0.0,455.0,-441.0
spyder-ide/pywinpty,4192.0,0.0,455.0,-441.0
spyder-ide/spyder-unittest,4192.0,0.0,455.0,-441.0
spyder-ide/website-spyder,4192.0,0.0,455.0,-441.0
spyder-ide/spyder-docs,4192.0,0.0,455.0,-441.0
spyder-ide/spyder-plugin-cookiecutter,4192.0,0.0,455.0,-441.0
spyder-ide/lektor-icon,4192.0,0.0,455.0,-441.0
spyder-ide/gettext-helpers,4192.0,0.0,455.0,-441.0
hrtemel/sqlex,,,,
gliderlabs/ssh,50.0,0.0,,
tg123/sshpiper,,,,
RichardLitt/standard-readme,,,,
bionicvapourboy/EDSHIPYARD,,,,
easystatic/easystatic,,,,
nh2/static-haskell-nix,157.0,0.0,,
ericalli/static-site-boilerplate,6.0,0.0,,
bazzite/statusfy,75.0,-34.86,5.0,-25.98
aloneguid/storage,,,,
storybookjs/storybook,3036.0,-182.0,5331.0,-4209.0
storybooks/storybook-package,3036.0,-182.0,5331.0,-4209.0
infinitered/addon-storyshots,3036.0,-182.0,5331.0,-4209.0
strapi/strapi,2020.0,-1300.0,430.0,-1300.0
streamlink/streamlink,211.0,0.0,626.22,-66.0
amurzeau/streamlink-debian,211.0,0.0,626.22,-66.0
streetmix/streetmix,580.0,-90.69,792.0,-43.68
Strider-CD/strider,24.0,0.0,,
styled-components/styled-components,3935.0,-400.0,1267.0,-250.0
jacobwgillespie/styled-icons,37.0,0.0,,
styleguidist/react-styleguidist,400.0,-127.0,175.0,-32.0
vsmith42/styleguide,,,,
stylelint/stylelint,303.0,0.0,14.0,-38.0
kins299/sub,,,,
sunrise-choir/meta,80.0,0.0,,
smooth-code/svgr,2212.0,-800.0,1212.0,-800.0
swaggo/swag,30.0,0.0,,
swc-project/swc,279.0,0.0,,
swoole/swoole-src,,,,
huanghantao/swoole-src-analysis,,,,
peraltawave/newsimage-react-app,,,,
peraltawave/newsimage-react-app-006,,,,
mfuentesg/SyncSettings,10.0,0.0,,
crazychicken/t-scroll,10.0,0.0,,
tabler/tabler,445.0,0.0,,
tabulapdf/tabula,336.0,0.0,,
tabulapdf/tabula-java,336.0,0.0,,
redmyers/484_P7_1-GUI,336.0,0.0,,
Tanibox/tania-core,,,,
NervJS/taro,,,,
go-task/task,45.0,-15.16,20.0,-18.0
yangshun/tech-interview-handbook,,,,
tellform/tellform,160.0,-129.91,0.0,-129.91
tenancy/tenancy,2182.7,-1117.48,510.0,-250.0
tenancy/framework,2182.7,-1117.48,510.0,-250.0
tenancy/multi-tenant,,,,
tessel/project,100.5,-14.74,356.0,-172.0
testing-library/testing-library-docs,445.0,0.0,,
sgm4231/lianquan,,,,
thpatch/thcrap,575.0,0.0,,
xdamman/tipbox,0.0,-35033.1,0.0,-12.0
oncletom/tld.js,,,,
teamtnt/tntsearch,210.0,0.0,,
togglz/togglz,60.0,-23.1,20.0,-11.81
tomatoes-app/tomatoes,,,,
torchgan/torchgan,,,,
trailsjs/trails,2815.5,0.0,0.0,-1812.0
stegano/transformium,,,,
pandabrand/acantrell-trellis,6683.0,-556.0,14.0,-150.0
Brooooooklyn/ts-import-plugin,,,,
TypedProject/ts-express-decorators,105.0,0.0,,
romakita/ts-express-decorators,105.0,0.0,,
libts/tslib,,,,
Turfjs/turf,3020.0,-1000.0,452.0,-1000.0
tuskyapp/Tusky,3029.0,-457.53,928.0,-200.0
seyhunak/twitter-bootstrap-rails,,,,
coppolaf/tb3-rails5,50.0,0.0,,
19majkel94/type-graphql,428.0,0.0,,
19majkel94/typegraphql-reflection-poc,428.0,0.0,,
typeorm/typeorm,3320.0,0.0,12795.0,-7000.0
asciphx/TypeScript-ele-admin,3320.0,0.0,12795.0,-7000.0
nobrainr/typescript-webpack-starter,,,,
ua-parser/uap-core,15.0,0.0,,
ubiety/Ubiety.Xmpp.Core,,,,
ubiety/Ubiety.Scram.Core,,,,
ubiety/Ubiety.StyleCop,,,,
alibaba/uform,,,,
LasseRafn/ui-avatars,66.0,0.0,,
LasseRafn/php-initial-avatar-generator,,,,
CrackerakiUA/ui-cropper,,,,
ntmuigrid/ntmuigrid,28.0,0.0,,
wxsms/uiv,,,,
umijs/umi,,,,
mdx-js/mdx,21199.0,-8998.0,2.0,-4320.0
remarkjs/remark,21199.0,-8998.0,2.0,-4320.0
retextjs/retext,21199.0,-8998.0,2.0,-4320.0
unifiedjs/unified,21199.0,-8998.0,2.0,-4320.0
remarkjs/remark-lint,21199.0,-8998.0,2.0,-4320.0
rehypejs/rehype,21199.0,-8998.0,2.0,-4320.0
remarkjs/remark-react,21199.0,-8998.0,2.0,-4320.0
vfile/vfile,21199.0,-8998.0,2.0,-4320.0
retextjs/retext-keywords,21199.0,-8998.0,2.0,-4320.0
micromark/micromark,21199.0,-8998.0,2.0,-4320.0
retextjs/retext-sentiment,21199.0,-8998.0,2.0,-4320.0
remarkjs/remark-toc,21199.0,-8998.0,2.0,-4320.0
retextjs/retext-simplify,21199.0,-8998.0,2.0,-4320.0
remarkjs/remark-man,21199.0,-8998.0,2.0,-4320.0
remarkjs/remark-html,21199.0,-8998.0,2.0,-4320.0
retextjs/retext-equality,21199.0,-8998.0,2.0,-4320.0
remarkjs/remark-github,21199.0,-8998.0,2.0,-4320.0
syntax-tree/unist-util-visit,21199.0,-8998.0,2.0,-4320.0
remarkjs/strip-markdown,21199.0,-8998.0,2.0,-4320.0
syntax-tree/hastscript,21199.0,-8998.0,2.0,-4320.0
remarkjs/remark-validate-links,21199.0,-8998.0,2.0,-4320.0
retextjs/retext-spell,21199.0,-8998.0,2.0,-4320.0
retextjs/retext-readability,21199.0,-8998.0,2.0,-4320.0
remarkjs/remark-vdom,21199.0,-8998.0,2.0,-4320.0
rehypejs/rehype-minify,21199.0,-8998.0,2.0,-4320.0
remarkjs/remark-frontmatter,21199.0,-8998.0,2.0,-4320.0
retextjs/retext-smartypants,21199.0,-8998.0,2.0,-4320.0
remarkjs/remark-usage,21199.0,-8998.0,2.0,-4320.0
remarkjs/remark-highlight.js,21199.0,-8998.0,2.0,-4320.0
remarkjs/remark-slug,21199.0,-8998.0,2.0,-4320.0
unifiedjs/unified-engine,21199.0,-8998.0,2.0,-4320.0
syntax-tree/mdast-util-toc,21199.0,-8998.0,2.0,-4320.0
remarkjs/remark-textr,21199.0,-8998.0,2.0,-4320.0
vfile/to-vfile,21199.0,-8998.0,2.0,-4320.0
syntax-tree/unist-util-select,21199.0,-8998.0,2.0,-4320.0
remarkjs/remark-rehype,21199.0,-8998.0,2.0,-4320.0
retextjs/retext-emoji,21199.0,-8998.0,2.0,-4320.0
syntax-tree/unist-builder,21199.0,-8998.0,2.0,-4320.0
syntax-tree/mdast-util-to-hast,21199.0,-8998.0,2.0,-4320.0
retextjs/retext-profanities,21199.0,-8998.0,2.0,-4320.0
syntax-tree/hast-util-to-html,21199.0,-8998.0,2.0,-4320.0
syntax-tree/hast-to-hyperscript,21199.0,-8998.0,2.0,-4320.0
retextjs/retext-pos,21199.0,-8998.0,2.0,-4320.0
unifiedjs/unified-args,21199.0,-8998.0,2.0,-4320.0
vfile/vfile-reporter,21199.0,-8998.0,2.0,-4320.0
remarkjs/remark-autolink-headings,21199.0,-8998.0,2.0,-4320.0
vfile/vfile-to-eslint,21199.0,-8998.0,2.0,-4320.0
syntax-tree/unist-util-inspect,21199.0,-8998.0,2.0,-4320.0
rehypejs/rehype-highlight,21199.0,-8998.0,2.0,-4320.0
vfile/vfile-reporter-pretty,21199.0,-8998.0,2.0,-4320.0
syntax-tree/nlcst-to-string,21199.0,-8998.0,2.0,-4320.0
syntax-tree/hast-util-sanitize,21199.0,-8998.0,2.0,-4320.0
remarkjs/remark-breaks,21199.0,-8998.0,2.0,-4320.0
remarkjs/remark-external-links,21199.0,-8998.0,2.0,-4320.0
syntax-tree/mdast-util-to-string,21199.0,-8998.0,2.0,-4320.0
syntax-tree/unist-util-is,21199.0,-8998.0,2.0,-4320.0
remarkjs/remark-unwrap-images,21199.0,-8998.0,2.0,-4320.0
remarkjs/remark-contributors,21199.0,-8998.0,2.0,-4320.0
rehypejs/rehype-document,21199.0,-8998.0,2.0,-4320.0
remarkjs/remark-bookmarks,21199.0,-8998.0,2.0,-4320.0
syntax-tree/unist-util-visit-parents,21199.0,-8998.0,2.0,-4320.0
unifiedjs/unified-diff,21199.0,-8998.0,2.0,-4320.0
syntax-tree/unist-util-map,21199.0,-8998.0,2.0,-4320.0
retextjs/retext-passive,21199.0,-8998.0,2.0,-4320.0
syntax-tree/mdast-zone,21199.0,-8998.0,2.0,-4320.0
rehypejs/rehype-slug,21199.0,-8998.0,2.0,-4320.0
retextjs/retext-intensify,21199.0,-8998.0,2.0,-4320.0
retextjs/retext-indefinite-article,21199.0,-8998.0,2.0,-4320.0
remarkjs/remark-license,21199.0,-8998.0,2.0,-4320.0
remarkjs/gulp-remark,21199.0,-8998.0,2.0,-4320.0
syntax-tree/hast-util-select,21199.0,-8998.0,2.0,-4320.0
rehypejs/rehype-remark,21199.0,-8998.0,2.0,-4320.0
syntax-tree/nlcst-search,21199.0,-8998.0,2.0,-4320.0
syntax-tree/hast-util-parse-selector,21199.0,-8998.0,2.0,-4320.0
rehypejs/rehype-format,21199.0,-8998.0,2.0,-4320.0
remarkjs/remark-inline-links,21199.0,-8998.0,2.0,-4320.0
remarkjs/remark-reference-links,21199.0,-8998.0,2.0,-4320.0
remarkjs/remark-defsplit,21199.0,-8998.0,2.0,-4320.0
rehypejs/rehype-sanitize,21199.0,-8998.0,2.0,-4320.0
rehypejs/rehype-raw,21199.0,-8998.0,2.0,-4320.0
syntax-tree/hast-util-to-mdast,21199.0,-8998.0,2.0,-4320.0
rehypejs/rehype-retext,21199.0,-8998.0,2.0,-4320.0
syntax-tree/hast-util-to-text,21199.0,-8998.0,2.0,-4320.0
unifiedjs/unified-engine-atom,21199.0,-8998.0,2.0,-4320.0
syntax-tree/mdast-comment-marker,21199.0,-8998.0,2.0,-4320.0
remarkjs/remark-strip-badges,21199.0,-8998.0,2.0,-4320.0
remarkjs/remark-retext,21199.0,-8998.0,2.0,-4320.0
syntax-tree/mdast-util-heading-range,21199.0,-8998.0,2.0,-4320.0
syntax-tree/unist-util-remove-position,21199.0,-8998.0,2.0,-4320.0
remarkjs/remark-images,21199.0,-8998.0,2.0,-4320.0
syntax-tree/mdast-util-to-nlcst,21199.0,-8998.0,2.0,-4320.0
retextjs/retext-quotes,21199.0,-8998.0,2.0,-4320.0
remarkjs/remark-embed-images,21199.0,-8998.0,2.0,-4320.0
syntax-tree/nlcst-is-literal,21199.0,-8998.0,2.0,-4320.0
syntax-tree/nlcst-normalize,21199.0,-8998.0,2.0,-4320.0
syntax-tree/unist-util-remove,21199.0,-8998.0,2.0,-4320.0
syntax-tree/hast-util-from-dom,21199.0,-8998.0,2.0,-4320.0
vfile/vfile-find-up,21199.0,-8998.0,2.0,-4320.0
rehypejs/rehype-autolink-headings,21199.0,-8998.0,2.0,-4320.0
rehypejs/rehype-picture,21199.0,-8998.0,2.0,-4320.0
remarkjs/remark-comment-config,21199.0,-8998.0,2.0,-4320.0
syntax-tree/hast-util-is-element,21199.0,-8998.0,2.0,-4320.0
retextjs/retext-repeated-words,21199.0,-8998.0,2.0,-4320.0
remarkjs/remark-message-control,21199.0,-8998.0,2.0,-4320.0
syntax-tree/unist-util-find-all-before,21199.0,-8998.0,2.0,-4320.0
vfile/vfile-message,21199.0,-8998.0,2.0,-4320.0
vfile/vfile-location,21199.0,-8998.0,2.0,-4320.0
remarkjs/remark-git-contributors,21199.0,-8998.0,2.0,-4320.0
syntax-tree/unist-util-position,21199.0,-8998.0,2.0,-4320.0
vfile/vfile-reporter-folder-json,21199.0,-8998.0,2.0,-4320.0
syntax-tree/hast-util-from-parse5,21199.0,-8998.0,2.0,-4320.0
syntax-tree/unist-util-find-all-after,21199.0,-8998.0,2.0,-4320.0
syntax-tree/unist-util-filter,21199.0,-8998.0,2.0,-4320.0
syntax-tree/hast-util-to-dom,21199.0,-8998.0,2.0,-4320.0
remarkjs/remark-heading-gap,21199.0,-8998.0,2.0,-4320.0
remarkjs/grunt-remark,21199.0,-8998.0,2.0,-4320.0
syntax-tree/unist-util-stringify-position,21199.0,-8998.0,2.0,-4320.0
unifiedjs/unified-engine-gulp,21199.0,-8998.0,2.0,-4320.0
retextjs/retext-sentence-spacing,21199.0,-8998.0,2.0,-4320.0
syntax-tree/unist-util-source,21199.0,-8998.0,2.0,-4320.0
syntax-tree/unist-util-modify-children,21199.0,-8998.0,2.0,-4320.0
syntax-tree/mdast-normalize-headings,21199.0,-8998.0,2.0,-4320.0
remarkjs/remark-yaml-config,21199.0,-8998.0,2.0,-4320.0
syntax-tree/unist-util-index,21199.0,-8998.0,2.0,-4320.0
vfile/vfile-sort,21199.0,-8998.0,2.0,-4320.0
retextjs/retext-contractions,21199.0,-8998.0,2.0,-4320.0
retextjs/retext-diacritics,21199.0,-8998.0,2.0,-4320.0
syntax-tree/mdast-util-definitions,21199.0,-8998.0,2.0,-4320.0
syntax-tree/unist-util-visit-children,21199.0,-8998.0,2.0,-4320.0
unifiedjs/unified-stream,21199.0,-8998.0,2.0,-4320.0
unifiedjs/unified-message-control,21199.0,-8998.0,2.0,-4320.0
syntax-tree/hast-util-to-snabbdom,21199.0,-8998.0,2.0,-4320.0
remarkjs/remark-midas,21199.0,-8998.0,2.0,-4320.0
syntax-tree/unist-util-find-after,21199.0,-8998.0,2.0,-4320.0
syntax-tree/mdast-squeeze-paragraphs,21199.0,-8998.0,2.0,-4320.0
remarkjs/remark-normalize-headings,21199.0,-8998.0,2.0,-4320.0
vfile/vfile-statistics,21199.0,-8998.0,2.0,-4320.0
syntax-tree/unist-util-find-before,21199.0,-8998.0,2.0,-4320.0
syntax-tree/mdast-util-heading-style,21199.0,-8998.0,2.0,-4320.0
vfile/vfile-reporter-json,21199.0,-8998.0,2.0,-4320.0
remarkjs/remark-unlink,21199.0,-8998.0,2.0,-4320.0
syntax-tree/hast-util-whitespace,21199.0,-8998.0,2.0,-4320.0
syntax-tree/mdast-util-compact,21199.0,-8998.0,2.0,-4320.0
syntax-tree/unist-builder-blueprint,21199.0,-8998.0,2.0,-4320.0
retextjs/retext-syntax-urls,21199.0,-8998.0,2.0,-4320.0
syntax-tree/nlcst-emoji-modifier,21199.0,-8998.0,2.0,-4320.0
syntax-tree/unist-util-generated,21199.0,-8998.0,2.0,-4320.0
syntax-tree/hast-util-raw,21199.0,-8998.0,2.0,-4320.0
retextjs/retext-syntax-mentions,21199.0,-8998.0,2.0,-4320.0
syntax-tree/hast-util-shift-heading,21199.0,-8998.0,2.0,-4320.0
syntax-tree/hast-util-labelable,21199.0,-8998.0,2.0,-4320.0
wooorm/wooorm.github.io,21199.0,-8998.0,2.0,-4320.0
syntax-tree/hast-util-from-text,21199.0,-8998.0,2.0,-4320.0
syntax-tree/unist-util-assert,21199.0,-8998.0,2.0,-4320.0
remarkjs/remark-gemoji,21199.0,-8998.0,2.0,-4320.0
syntax-tree/hast-util-heading,21199.0,-8998.0,2.0,-4320.0
syntax-tree/nlcst-emoticon-modifier,21199.0,-8998.0,2.0,-4320.0
remarkjs/remark-squeeze-paragraphs,21199.0,-8998.0,2.0,-4320.0
syntax-tree/unist-util-parents,21199.0,-8998.0,2.0,-4320.0
syntax-tree/nlcst-test,21199.0,-8998.0,2.0,-4320.0
nemanjan00/uniread,,,,
neuecc/UniRx,3859.96,-486.33,2327.0,-486.33
kriasoft/universal-router,,,,
liorbraginsky92/universal-router,,,,
UniversalViewer/universalviewer,7220.0,-3779.7200000000003,2210.0,-3031.0
universalviewer/universalviewer,7220.0,-3779.7200000000003,2210.0,-3031.0
urduhack/urduhack,10.0,0.0,,
urduhack/urdu-words,10.0,0.0,,
urduhack/urdu-characters,10.0,0.0,,
urduhack/urdu-stopwords,10.0,0.0,,
keishabien/cec,460.0,0.0,,
userfrosting/fortress,,,,
userfrosting/assets,,,,
userfrosting/UniformResourceLocator,,,,
userfrosting/cache,,,,
userfrosting/i18n,,,,
userfrosting/support,,,,
userfrosting/session,,,,
userfrosting/config,,,,
ValorizeVidas/valorize-vidas,,,,
venediktov/vanilla-rtb,75.0,-25.0,40.0,-25.0
malcommac/UAParserSwift,1199.0,0.0,1749.0,-1000.0
vapor/vapor,,,,
vcr/vcr,116.0,0.0,,
mateogianolio/vectorious,,,,
verdaccio/verdaccio,606.0,-230.40000000000003,35.0,-9.0
verdaccio/ui,606.0,-230.40000000000003,35.0,-9.0
verdaccio/local-storage,606.0,-230.40000000000003,35.0,-9.0
verdaccio/verdaccio-google-cloud,606.0,-230.40000000000003,35.0,-9.0
verdaccio/verdaccio-htpasswd,606.0,-230.40000000000003,35.0,-9.0
verdaccio/website,606.0,-230.40000000000003,35.0,-9.0
verdaccio/verdaccio-memory,606.0,-230.40000000000003,35.0,-9.0
verdaccio/verdaccio-audit,606.0,-230.40000000000003,35.0,-9.0
verdaccio/verdaccio-aws-s3-storage,606.0,-230.40000000000003,35.0,-9.0
verdaccio/streams,606.0,-230.40000000000003,35.0,-9.0
verdaccio/readme,606.0,-230.40000000000003,35.0,-9.0
verdaccio/file-locking,606.0,-230.40000000000003,35.0,-9.0
calidion/vig,,,,
visjs-community/visjs-network,640.0,0.0,,
equinusocio/vsc-material-theme,95.0,-10.0,100.0,-10.0
jschr/vscodethemes,,,,
meteorlxy/vssue,,,,
fritx/vue-at,,,,
NdagiStanley/vue-django,0.0,-14.799999999999999,0.0,-3.6999999999999997
GeekyAnts/vue-native-core,515.0,0.0,,
VulcanJS/Vulcan,1562.0,0.0,,
machaosuper/vux_learn,20.0,0.0,0.0,-357.0
olistic/warriorjs,359.0,-150.0,98.0,-150.0
tianyong90/we-vue,,,,
JulianNorton/weather-10kb-wxkb,36.54,-24.220000000000002,0.0,-3.04
bonigarcia/webdrivermanager,81.0,0.0,,
bonigarcia/webdrivermanager-examples,81.0,0.0,,
webonyx/graphql-php,200.0,0.0,,
webpack/webpack,65616.20999999999,-50218.5,10888.0,-565.0
webpack-contrib/awesome-webpack,65616.20999999999,-50218.5,10888.0,-565.0
webpack/webpack-cli,65616.20999999999,-50218.5,10888.0,-565.0
angular-pakistan/ng-conf-2017,65616.20999999999,-50218.5,10888.0,-565.0
opencollective/opencollective-postinstall,65616.20999999999,-50218.5,10888.0,-565.0
anyong/react-rally-17,65616.20999999999,-50218.5,10888.0,-565.0
cd-fez/es-webpack,,,,
qbeon/webwire-go,,,,
qbeon/webwire-js,,,,
qbeon/webwire-go-client,,,,
overtrue/wechat,,,,
Chatie/wechaty,2.0,-0.5,0.0,-0.5
alibaba/weex-ui,,,,
wemake-services/wemake-python-styleguide,25.0,0.0,,
wexond/wexond,5.0,0.0,,
glacials/whatsinstandard,,,,
WhitestormJS/whs.js,80.0,-32.88,0.0,-35.0
Requarks/wiki,477.0,-149.0,228.5,-25.56
journal-club/wiki,477.0,-149.0,228.5,-25.56
EugenePizzerbert/Node-best-1,477.0,-149.0,228.5,-25.56
cheng-kang/wildfire,,,,
vanila-io/wireflow,5.0,0.0,,
discourse/wp-discourse,1008.0,-840.0,0.0,-85.0
wp-graphql/wp-graphql,2515.0,-200.0,225.0,-50.0
wzpan/wukong-robot,,,,
wwcodemanila/WWCodeManila-Python,11033.49,-9178.16,952.0,-876.61
wwcodemanila/WWCodeManila-Ruby.RubyOnRails,11033.49,-9178.16,952.0,-876.61
wwcodemanila/WWCodeManila-HTML.CSS,11033.49,-9178.16,952.0,-876.61
wwcodemanila/WWCodeManila-Android,11033.49,-9178.16,952.0,-876.61
wwcodemanila/WWCodeManila-JavaScript,11033.49,-9178.16,952.0,-876.61
wwcodemanila/WWCodeManila-iOS,11033.49,-9178.16,952.0,-876.61
wwcodemanila/WWCodeManila-PHP,11033.49,-9178.16,952.0,-876.61
wwcodemanila/WWCodeManila-VueJS,11033.49,-9178.16,952.0,-876.61
wwcodemanila/WWCodeManila-Java,11033.49,-9178.16,952.0,-876.61
WomenWhoCode/WWCodeMedellin,460.0,-60.0,375.0,-79.93
kmvan/x-prober,,,,
matthewmueller/x-ray,20.0,0.0,,
lapwinglabs/x-ray,20.0,0.0,,
dmlc/xgboost,1530.0,-93.41000000000001,615.0,-44.97
xlayers/xlayers,,,,
xmake-io/xmake,,,,
go-xorm/xorm,5.0,0.0,,
davidkpiano/xstate,2825.0,-200.0,325.0,-50.0
kolohelios/xstate-cartographer,2825.0,-200.0,325.0,-50.0
yakkeejs/yakkee-core,,,,
yeoman/yeoman,271.0,-99.11,193.5,-17.35
yeoman/generator-angular,271.0,-99.11,193.5,-17.35
yeoman/yo,271.0,-99.11,193.5,-17.35
yeoman/generator,271.0,-99.11,193.5,-17.35
yeoman/generator-node,271.0,-99.11,193.5,-17.35
yeoman/generator-webapp_DEPRECATED,,,,
yiisoft/yii2,8920.0,-5521.0,2323.0,-1856.0
Yoshino-UI/Yoshino,,,,
danilor/YoulrsWithFrontEndPage,,,,
YOURLS/YOURLS,1178.0,0.0,803.0,-286.65
zxing-js/ngx-scanner,,,,
opencollective/opencollective-website,,,,
opencollective/opencollective-app,,,,
opencollective/opencollective-site,,,,
ponsonio-aurea/rubocop,321.0,0.0,4853.0,-9500.0
werbug/webpack,65616.20999999999,-50218.5,10888.0,-565.0
awesome-emacs/cider,1780.0,0.0,11186.0,-4950.0
